Title,Media URL,Pinterest board,Thumbnail,Description,Link,Publish date,Keywords
"La Vie Est Belle de Lancôme : notes, avis et parfums similaires",https://perfumdle.com/pins/lancome-la-vie-est-belle.jpg,"Parfums femme : notes, avis et parfums similaires",,"Un iris enrobé de praline : le sourire gourmand qui a redessiné les rayons des années 2010. La Vie Est Belle (Lancôme, 2012). Notes : cassis, poire, iris, jasmin, fleur d'oranger, praline. Pyramide olfactive complète, avis et parfums qui lui ressemblent.",https://perfumdle.com/fr/parfum/lancome-la-vie-est-belle/,2026-10-08T08:00:00,"lancôme, parfum, notes de parfum, avis parfum, cassis, poire, iris"
"Bleu de Chanel : notes, avis et parfums similaires",https://perfumdle.com/pins/chanel-bleu-de-chanel.jpg,"Parfums homme : notes, avis et parfums similaires",,"Agrumes aiguisés, gingembre et encens sur bois de santal : la netteté du costume bien coupé. Bleu de Chanel (Chanel, 2010). Notes : pamplemousse, citron, menthe, gingembre, noix de muscade, jasmin. Pyramide olfactive complète, avis et parfums qui lui ressemblent.",https://perfumdle.com/fr/parfum/chanel-bleu-de-chanel/,2026-10-08T11:00:00,"chanel, parfum, notes de parfum, avis parfum, pamplemousse, citron, menthe"
"Baccarat Rouge 540 de Maison Francis Kurkdjian : notes, avis et parfums similaires",https://perfumdle.com/pins/maison-francis-kurkdjian-baccarat-rouge-540.jpg,"Parfums mixtes : notes, avis et parfums similaires",,"Du sucre brûlé, du safran et du bois ambré qui semblent flotter à un mètre de la peau. Baccarat Rouge 540 (Maison Francis Kurkdjian, 2015). Notes : safran, jasmin, ambre gris, bois ambré, cèdre, résine de sapin. Pyramide olfactive complète, avis et parfums qui lui ressemblent.",https://perfumdle.com/fr/parfum/maison-francis-kurkdjian-baccarat-rouge-540/,2026-10-08T14:00:00,"maison francis kurkdjian, parfum, notes de parfum, avis parfum, safran, jasmin, ambre gris"
"Miss Dior : notes, avis et parfums similaires",https://perfumdle.com/pins/dior-miss-dior.jpg,"Parfums femme : notes, avis et parfums similaires",,"Le chypre vert de 1947, galbanum tranchant et mousse de chêne, taillé comme une robe New Look. Miss Dior (Dior, 1947). Notes : galbanum, gardénia, bergamote, jasmin, rose, narcisse. Pyramide olfactive complète, avis et parfums qui lui ressemblent.",https://perfumdle.com/fr/parfum/dior-miss-dior/,2026-10-08T18:00:00,"dior, parfum, notes de parfum, avis parfum, galbanum, gardénia, bergamote"
"Sauvage de Dior : notes, avis et parfums similaires",https://perfumdle.com/pins/dior-sauvage.jpg,"Parfums homme : notes, avis et parfums similaires",,"Bergamote électrique et ambroxan minéral : l’air sec d’un désert passé au rasoir. Sauvage (Dior, 2015). Notes : bergamote, poivre, poivre du sichuan, lavande, géranium, ambroxan. Pyramide olfactive complète, avis et parfums qui lui ressemblent.",https://perfumdle.com/fr/parfum/dior-sauvage/,2026-10-08T21:00:00,"dior, parfum, notes de parfum, avis parfum, bergamote, poivre, poivre du sichuan"
"Libre de Yves Saint Laurent : notes, avis et parfums similaires",https://perfumdle.com/pins/yves-saint-laurent-libre.jpg,"Parfums femme : notes, avis et parfums similaires",,"Lavande aromatique et fleur d’oranger voluptueuse : un floral qui emprunte le vestiaire masculin. Libre (Yves Saint Laurent, 2019). Notes : lavande, mandarine, cassis, fleur d'oranger, jasmin, orchidée. Pyramide olfactive complète, avis et parfums qui lui ressemblent.",https://perfumdle.com/fr/parfum/yves-saint-laurent-libre/,2026-10-09T08:00:00,"yves saint laurent, parfum, notes de parfum, avis parfum, lavande, mandarine, cassis"
"N°5 de Chanel : notes, avis et parfums similaires",https://perfumdle.com/pins/chanel-n-5.jpg,"Parfums femme : notes, avis et parfums similaires",,"Un nuage d’aldéhydes qui scintille sur un bouquet de fleurs blanches et de bois crémeux. N°5 (Chanel, 1921). Notes : aldéhydes, ylang-ylang, néroli, rose, jasmin, iris. Pyramide olfactive complète, avis et parfums qui lui ressemblent.",https://perfumdle.com/fr/parfum/chanel-n-5/,2026-10-09T11:00:00,"chanel, parfum, notes de parfum, avis parfum, aldéhydes, ylang-ylang, néroli"
"Acqua di Gio de Giorgio Armani : notes, avis et parfums similaires",https://perfumdle.com/pins/giorgio-armani-acqua-di-gio.jpg,"Parfums homme : notes, avis et parfums similaires",,"Agrumes, sel de mer et peau réchauffée par le soleil : la fraîcheur masculine des années 1990. Acqua di Gio (Giorgio Armani, 1996). Notes : bergamote, néroli, citron vert, jasmin, romarin, coriandre. Pyramide olfactive complète, avis et parfums qui lui ressemblent.",https://perfumdle.com/fr/parfum/giorgio-armani-acqua-di-gio/,2026-10-09T14:00:00,"giorgio armani, parfum, notes de parfum, avis parfum, bergamote, néroli, citron vert"
"Coco Mademoiselle de Chanel : notes, avis et parfums similaires",https://perfumdle.com/pins/chanel-coco-mademoiselle.jpg,"Parfums femme : notes, avis et parfums similaires",,"Des agrumes pétillants sur un patchouli propre : l’élégance moderne sans l’apprêt. Coco Mademoiselle (Chanel, 2001). Notes : orange, bergamote, pamplemousse, rose, jasmin, litchi. Pyramide olfactive complète, avis et parfums qui lui ressemblent.",https://perfumdle.com/fr/parfum/chanel-coco-mademoiselle/,2026-10-09T18:00:00,"chanel, parfum, notes de parfum, avis parfum, orange, bergamote, pamplemousse"
"La Nuit de l'Homme de Yves Saint Laurent : notes, avis et parfums similaires",https://perfumdle.com/pins/yves-saint-laurent-la-nuit-de-lhomme.jpg,"Parfums homme : notes, avis et parfums similaires",,"Cardamome fraîche, lavande et cèdre : une séduction chuchotée plutôt que proclamée. La Nuit de l'Homme (Yves Saint Laurent, 2009). Notes : cardamome, bergamote, lavande, cèdre, cumin, violette. Pyramide olfactive complète, avis et parfums qui lui ressemblent.",https://perfumdle.com/fr/parfum/yves-saint-laurent-la-nuit-de-lhomme/,2026-10-09T21:00:00,"yves saint laurent, parfum, notes de parfum, avis parfum, cardamome, bergamote, lavande"
"Hypnotic Poison de Dior : notes, avis et parfums similaires",https://perfumdle.com/pins/dior-hypnotic-poison.jpg,"Parfums femme : notes, avis et parfums similaires",,"La vanille la plus trouble des années 1990, noix de coco et fruits mûrs sur fond de peau. Hypnotic Poison (Dior, 1998). Notes : noix de coco, prune, abricot, tubéreuse, jasmin, rose. Pyramide olfactive complète, avis et parfums qui lui ressemblent.",https://perfumdle.com/fr/parfum/dior-hypnotic-poison/,2026-10-10T08:00:00,"dior, parfum, notes de parfum, avis parfum, noix de coco, prune, abricot"
"Wanted de Azzaro : notes, avis et parfums similaires",https://perfumdle.com/pins/azzaro-wanted.jpg,"Parfums homme : notes, avis et parfums similaires",,"Gingembre, pomme et tonka sur bois ambré : un boisé épicé taillé pour la nuit. Wanted (Azzaro, 2016). Notes : citron, gingembre, lavande, pomme, cardamome, genièvre. Pyramide olfactive complète, avis et parfums qui lui ressemblent.",https://perfumdle.com/fr/parfum/azzaro-wanted/,2026-10-10T11:00:00,"azzaro, parfum, notes de parfum, avis parfum, citron, gingembre, lavande"
"Erba Pura de Xerjoff : notes, avis et parfums similaires",https://perfumdle.com/pins/xerjoff-erba-pura.jpg,"Parfums mixtes : notes, avis et parfums similaires",,"Agrumes de Sicile, fruits juteux et musc vanillé : une corbeille de fruits sur fond ambré. Erba Pura (Xerjoff, 2019). Notes : orange de sicile, bergamote, citron, fruits, musc, vanille. Pyramide olfactive complète, avis et parfums qui lui ressemblent.",https://perfumdle.com/fr/parfum/xerjoff-erba-pura/,2026-10-10T14:00:00,"xerjoff, parfum, notes de parfum, avis parfum, orange de sicile, bergamote, citron"
"Sì de Giorgio Armani : notes, avis et parfums similaires",https://perfumdle.com/pins/giorgio-armani-si.jpg,"Parfums femme : notes, avis et parfums similaires",,"Nectar de cassis sur un velours de vanille et de patchouli : un chypre moderne tout en rondeur. Sì (Giorgio Armani, 2013). Notes : cassis, mandarine, bergamote, rose, freesia, osmanthus. Pyramide olfactive complète, avis et parfums qui lui ressemblent.",https://perfumdle.com/fr/parfum/giorgio-armani-si/,2026-10-10T18:00:00,"giorgio armani, parfum, notes de parfum, avis parfum, cassis, mandarine, bergamote"
"La Petite Robe Noire de Guerlain : notes, avis et parfums similaires",https://perfumdle.com/pins/guerlain-la-petite-robe-noire.jpg,"Parfums femme : notes, avis et parfums similaires",,"Cerise noire, amande et thé fumé : une gourmandise parisienne à l’esprit espiègle. La Petite Robe Noire (Guerlain, 2009). Notes : cerise, amande, bergamote, rose, réglisse, thé. Pyramide olfactive complète, avis et parfums qui lui ressemblent.",https://perfumdle.com/fr/parfum/guerlain-la-petite-robe-noire/,2026-10-10T21:00:00,"guerlain, parfum, notes de parfum, avis parfum, cerise, amande, bergamote"
"Dior Homme Intense : notes, avis et parfums similaires",https://perfumdle.com/pins/dior-dior-homme-intense.jpg,"Parfums homme : notes, avis et parfums similaires",,"Un iris beurré, ambrette et poire : le rouge à lèvres porté par un homme. Dior Homme Intense (Dior, 2007). Notes : lavande, iris, ambrette, poire, cèdre, vétiver. Pyramide olfactive complète, avis et parfums qui lui ressemblent.",https://perfumdle.com/fr/parfum/dior-dior-homme-intense/,2026-10-11T08:00:00,"dior, parfum, notes de parfum, avis parfum, lavande, iris, ambrette"
"Shalimar de Guerlain : notes, avis et parfums similaires",https://perfumdle.com/pins/guerlain-shalimar.jpg,"Parfums femme : notes, avis et parfums similaires",,"Une bergamote éclatante qui s’effondre dans la vanille fumée : l’oriental dont tous les autres descendent. Shalimar (Guerlain, 1925). Notes : bergamote, citron, mandarine, jasmin, rose, iris. Pyramide olfactive complète, avis et parfums qui lui ressemblent.",https://perfumdle.com/fr/parfum/guerlain-shalimar/,2026-10-11T11:00:00,"guerlain, parfum, notes de parfum, avis parfum, bergamote, citron, mandarine"
"Idôle de Lancôme : notes, avis et parfums similaires",https://perfumdle.com/pins/lancome-idole.jpg,"Parfums femme : notes, avis et parfums similaires",,"Une rose propre et vive, portée par un flacon aussi fin qu’une carte de crédit. Idôle (Lancôme, 2019). Notes : poire, bergamote, baies roses, rose, jasmin, accord chypré. Pyramide olfactive complète, avis et parfums qui lui ressemblent.",https://perfumdle.com/fr/parfum/lancome-idole/,2026-10-11T14:00:00,"lancôme, parfum, notes de parfum, avis parfum, poire, bergamote, baies roses"
"La Nuit Trésor de Lancôme : notes, avis et parfums similaires",https://perfumdle.com/pins/lancome-la-nuit-tresor.jpg,"Parfums femme : notes, avis et parfums similaires",,"Rose noire, praliné et café : la version nocturne et gourmande de Trésor, en velours sombre. La Nuit Trésor (Lancôme, 2015). Notes : poire, mandarine, bergamote, fraise, rose noire, orchidée vanille. Pyramide olfactive complète, avis et parfums qui lui ressemblent.",https://perfumdle.com/fr/parfum/lancome-la-nuit-tresor/,2026-10-11T18:00:00,"lancôme, parfum, notes de parfum, avis parfum, poire, mandarine, bergamote"
"J'adore de Dior : notes, avis et parfums similaires",https://perfumdle.com/pins/dior-jadore.jpg,"Parfums femme : notes, avis et parfums similaires",,"Un bouquet de fleurs blanches baigné de poire et de melon, lumineux comme de l’or liquide. J'adore (Dior, 1999). Notes : poire, melon, magnolia, rose, jasmin, violette. Pyramide olfactive complète, avis et parfums qui lui ressemblent.",https://perfumdle.com/fr/parfum/dior-jadore/,2026-10-11T21:00:00,"dior, parfum, notes de parfum, avis parfum, poire, melon, magnolia"
"L'Interdit de Givenchy : notes, avis et parfums similaires",https://perfumdle.com/pins/givenchy-linterdit.jpg,"Parfums femme : notes, avis et parfums similaires",,"Tubéreuse lumineuse sur fond de patchouli et vétiver : la fleur blanche qui cache une part d’ombre. L'Interdit (Givenchy, 2018). Notes : poire, bergamote, fleurs blanches, tubéreuse, fleur d'oranger, jasmin. Pyramide olfactive complète, avis et parfums qui lui ressemblent.",https://perfumdle.com/fr/parfum/givenchy-linterdit/,2026-10-12T08:00:00,"givenchy, parfum, notes de parfum, avis parfum, poire, bergamote, fleurs blanches"
"Flower by Kenzo : notes, avis et parfums similaires",https://perfumdle.com/pins/kenzo-flower-by-kenzo.jpg,"Parfums femme : notes, avis et parfums similaires",,"Le parfum d’une fleur qui n’en a pas : un coquelicot imaginaire, poudré de violette. Flower by Kenzo (Kenzo, 2000). Notes : cassis, aubépine, rose, violette, jasmin, vanille. Pyramide olfactive complète, avis et parfums qui lui ressemblent.",https://perfumdle.com/fr/parfum/kenzo-flower-by-kenzo/,2026-10-12T11:00:00,"kenzo, parfum, notes de parfum, avis parfum, cassis, aubépine, rose"
"Eau Sauvage de Dior : notes, avis et parfums similaires",https://perfumdle.com/pins/dior-eau-sauvage.jpg,"Parfums homme : notes, avis et parfums similaires",,"Un zeste de citron, un souffle d’herbes et du jasmin transparent : l’élégance à l’état brut. Eau Sauvage (Dior, 1966). Notes : citron, bergamote, romarin, jasmin, coriandre, basilic. Pyramide olfactive complète, avis et parfums qui lui ressemblent.",https://perfumdle.com/fr/parfum/dior-eau-sauvage/,2026-10-12T14:00:00,"dior, parfum, notes de parfum, avis parfum, citron, bergamote, romarin"
"Spicebomb de Viktor & Rolf : notes, avis et parfums similaires",https://perfumdle.com/pins/viktor-rolf-spicebomb.jpg,"Parfums homme : notes, avis et parfums similaires",,"Cannelle, paprika et tabac enfermés dans une grenade de verre. Spicebomb (Viktor & Rolf, 2012). Notes : bergamote, pamplemousse, baies roses, cannelle, safran, paprika. Pyramide olfactive complète, avis et parfums qui lui ressemblent.",https://perfumdle.com/fr/parfum/viktor-rolf-spicebomb/,2026-10-12T18:00:00,"viktor & rolf, parfum, notes de parfum, avis parfum, bergamote, pamplemousse, baies roses"
"1881 de Cerruti : notes, avis et parfums similaires",https://perfumdle.com/pins/cerruti-1881.jpg,"Parfums homme : notes, avis et parfums similaires",,"Lavande, cyprès et genièvre : la fougère méditerranéenne d’un costume en lin. 1881 (Cerruti, 1990). Notes : bergamote, lavande, cyprès, genièvre, cèdre, géranium. Pyramide olfactive complète, avis et parfums qui lui ressemblent.",https://perfumdle.com/fr/parfum/cerruti-1881/,2026-10-12T21:00:00,"cerruti, parfum, notes de parfum, avis parfum, bergamote, lavande, cyprès"
"Stronger With You de Giorgio Armani : notes, avis et parfums similaires",https://perfumdle.com/pins/giorgio-armani-stronger-with-you.jpg,"Parfums homme : notes, avis et parfums similaires",,"Châtaigne grillée et vanille sucrée : un masculin qui sent le marché de Noël. Stronger With You (Giorgio Armani, 2017). Notes : cardamome, baies roses, feuille de violette, sauge, cannelle, meringue. Pyramide olfactive complète, avis et parfums qui lui ressemblent.",https://perfumdle.com/fr/parfum/giorgio-armani-stronger-with-you/,2026-10-13T08:00:00,"giorgio armani, parfum, notes de parfum, avis parfum, cardamome, baies roses, feuille de violette"
"Dior Homme : notes, avis et parfums similaires",https://perfumdle.com/pins/dior-dior-homme.jpg,"Parfums homme : notes, avis et parfums similaires",,"Un iris poudré et cacaoté qui a appris aux hommes à porter la douceur. Dior Homme (Dior, 2005). Notes : lavande, bergamote, sauge, iris, cacao, ambre. Pyramide olfactive complète, avis et parfums qui lui ressemblent.",https://perfumdle.com/fr/parfum/dior-dior-homme/,2026-10-13T11:00:00,"dior, parfum, notes de parfum, avis parfum, lavande, bergamote, sauge"
"Gentleman de Givenchy : notes, avis et parfums similaires",https://perfumdle.com/pins/givenchy-gentleman.jpg,"Parfums homme : notes, avis et parfums similaires",,"Un iris poudré posé sur la poire et le patchouli, en costume moderne. Gentleman (Givenchy, 2017). Notes : poire, lavande, cardamome, iris, fleur d'oranger, patchouli. Pyramide olfactive complète, avis et parfums qui lui ressemblent.",https://perfumdle.com/fr/parfum/givenchy-gentleman/,2026-10-13T14:00:00,"givenchy, parfum, notes de parfum, avis parfum, poire, lavande, cardamome"
"Scandal de Jean Paul Gaultier : notes, avis et parfums similaires",https://perfumdle.com/pins/jean-paul-gaultier-scandal.jpg,"Parfums femme : notes, avis et parfums similaires",,"Un miel doré et dégoulinant sur un gardénia charnu : la gourmandise sans complexe. Scandal (Jean Paul Gaultier, 2017). Notes : orange sanguine, mandarine, baies roses, miel, gardénia, jasmin. Pyramide olfactive complète, avis et parfums qui lui ressemblent.",https://perfumdle.com/fr/parfum/jean-paul-gaultier-scandal/,2026-10-13T18:00:00,"jean paul gaultier, parfum, notes de parfum, avis parfum, orange sanguine, mandarine, baies roses"
"Gucci Flora : notes, avis et parfums similaires",https://perfumdle.com/pins/gucci-gucci-flora.jpg,"Parfums femme : notes, avis et parfums similaires",,"Pivoine, rose et osmanthus sur un fond de santal : un jardin léger et poudré. Gucci Flora (Gucci, 2009). Notes : agrumes, pivoine, mandarine, rose, osmanthus, patchouli. Pyramide olfactive complète, avis et parfums qui lui ressemblent.",https://perfumdle.com/fr/parfum/gucci-gucci-flora/,2026-10-13T21:00:00,"gucci, parfum, notes de parfum, avis parfum, agrumes, pivoine, mandarine"
"Code de Giorgio Armani : notes, avis et parfums similaires",https://perfumdle.com/pins/giorgio-armani-code.jpg,"Parfums homme : notes, avis et parfums similaires",,"Fleur d’olivier, anis étoilé et tonka : un boisé ambré d’une sensualité feutrée. Code (Giorgio Armani, 2004). Notes : bergamote, citron, pomme, fleur d'olivier, bois de gaïac, anis étoilé. Pyramide olfactive complète, avis et parfums qui lui ressemblent.",https://perfumdle.com/fr/parfum/giorgio-armani-code/,2026-10-14T08:00:00,"giorgio armani, parfum, notes de parfum, avis parfum, bergamote, citron, pomme"
"Black Opium de Yves Saint Laurent : notes, avis et parfums similaires",https://perfumdle.com/pins/yves-saint-laurent-black-opium.jpg,"Parfums femme : notes, avis et parfums similaires",,"Un expresso sucré servi à minuit, sur fond de fleurs blanches et de vanille. Black Opium (Yves Saint Laurent, 2014). Notes : baies roses, fleur d'oranger, poire, café, jasmin, amande. Pyramide olfactive complète, avis et parfums qui lui ressemblent.",https://perfumdle.com/fr/parfum/yves-saint-laurent-black-opium/,2026-10-14T11:00:00,"yves saint laurent, parfum, notes de parfum, avis parfum, baies roses, fleur d'oranger, poire"
"Miss Dior Blooming Bouquet : notes, avis et parfums similaires",https://perfumdle.com/pins/dior-miss-dior-blooming-bouquet.jpg,"Parfums femme : notes, avis et parfums similaires",,"Pivoine et rose baignées de musc blanc, fraîches comme un bouquet de mariée. Miss Dior Blooming Bouquet (Dior, 2014). Notes : mandarine, abricot, pêche, pivoine, rose, musc. Pyramide olfactive complète, avis et parfums qui lui ressemblent.",https://perfumdle.com/fr/parfum/dior-miss-dior-blooming-bouquet/,2026-10-14T14:00:00,"dior, parfum, notes de parfum, avis parfum, mandarine, abricot, pêche"
"Alexandria II de Xerjoff : notes, avis et parfums similaires",https://perfumdle.com/pins/xerjoff-alexandria-ii.jpg,"Parfums mixtes : notes, avis et parfums similaires",,"Bois de rose, pomme à la cannelle et oud vanillé : l’opulence d’une bibliothèque de palais. Alexandria II (Xerjoff, 2012). Notes : bois de rose, lavande, pomme, cannelle, rose, cèdre. Pyramide olfactive complète, avis et parfums qui lui ressemblent.",https://perfumdle.com/fr/parfum/xerjoff-alexandria-ii/,2026-10-14T18:00:00,"xerjoff, parfum, notes de parfum, avis parfum, bois de rose, lavande, pomme"
"Explorer de Montblanc : notes, avis et parfums similaires",https://perfumdle.com/pins/montblanc-explorer.jpg,"Parfums homme : notes, avis et parfums similaires",,"Un vétiver haïtien et un cuir léger, pensés comme une carte d’aventurier urbain. Explorer (Montblanc, 2019). Notes : bergamote, baies roses, sauge sclarée, vétiver d'haïti, patchouli d'indonésie, cuir. Pyramide olfactive complète, avis et parfums qui lui ressemblent.",https://perfumdle.com/fr/parfum/montblanc-explorer/,2026-10-14T21:00:00,"montblanc, parfum, notes de parfum, avis parfum, bergamote, baies roses, sauge sclarée"
"Poison de Dior : notes, avis et parfums similaires",https://perfumdle.com/pins/dior-poison.jpg,"Parfums femme : notes, avis et parfums similaires",,"Prune confite, tubéreuse et épices : le parfum le plus provocant des années 1980. Poison (Dior, 1985). Notes : coriandre, prune, anis, tubéreuse, jasmin, rose. Pyramide olfactive complète, avis et parfums qui lui ressemblent.",https://perfumdle.com/fr/parfum/dior-poison/,2026-10-15T08:00:00,"dior, parfum, notes de parfum, avis parfum, coriandre, prune, anis"
"Irresistible de Givenchy : notes, avis et parfums similaires",https://perfumdle.com/pins/givenchy-irresistible.jpg,"Parfums femme : notes, avis et parfums similaires",,"Poire, rose et ambrette sur un musc lumineux : un floral joyeux et aérien. Irresistible (Givenchy, 2020). Notes : ambrette, poire, iris, rose, cèdre, musc. Pyramide olfactive complète, avis et parfums qui lui ressemblent.",https://perfumdle.com/fr/parfum/givenchy-irresistible/,2026-10-15T11:00:00,"givenchy, parfum, notes de parfum, avis parfum, ambrette, poire, iris"
"Good Girl de Carolina Herrera : notes, avis et parfums similaires",https://perfumdle.com/pins/carolina-herrera-good-girl.jpg,"Parfums femme : notes, avis et parfums similaires",,"Tubéreuse blanche et cacao noir dans un escarpin : le jeu du bien et du mal. Good Girl (Carolina Herrera, 2016). Notes : amande, café, bergamote, tubéreuse, jasmin, rose. Pyramide olfactive complète, avis et parfums qui lui ressemblent.",https://perfumdle.com/fr/parfum/carolina-herrera-good-girl/,2026-10-15T14:00:00,"carolina herrera, parfum, notes de parfum, avis parfum, amande, café, bergamote"
"L'Homme de Prada : notes, avis et parfums similaires",https://perfumdle.com/pins/prada-lhomme.jpg,"Parfums homme : notes, avis et parfums similaires",,"Un iris savonneux, comme une chemise blanche tout juste repassée. L'Homme (Prada, 2016). Notes : iris, néroli, cardamome, ambre, patchouli, géranium. Pyramide olfactive complète, avis et parfums qui lui ressemblent.",https://perfumdle.com/fr/parfum/prada-lhomme/,2026-10-15T18:00:00,"prada, parfum, notes de parfum, avis parfum, iris, néroli, cardamome"
"Aventus de Creed : notes, avis et parfums similaires",https://perfumdle.com/pins/creed-aventus.jpg,"Parfums homme : notes, avis et parfums similaires",,"Ananas juteux et bouleau fumé : le chypre fruité qui a redéfini le masculin de niche. Aventus (Creed, 2010). Notes : ananas, bergamote, pomme, bouleau, jasmin, rose. Pyramide olfactive complète, avis et parfums qui lui ressemblent.",https://perfumdle.com/fr/parfum/creed-aventus/,2026-10-15T21:00:00,"creed, parfum, notes de parfum, avis parfum, ananas, bergamote, pomme"
"Angel de Mugler : notes, avis et parfums similaires",https://perfumdle.com/pins/thierry-mugler-angel.jpg,"Parfums femme : notes, avis et parfums similaires",,"Barbe à papa et patchouli, la collision qui a inventé le gourmand moderne. Angel (Mugler, 1992). Notes : barbe à papa, noix de coco, cassier, miel, chocolat, caramel. Pyramide olfactive complète, avis et parfums qui lui ressemblent.",https://perfumdle.com/fr/parfum/thierry-mugler-angel/,2026-10-16T08:00:00,"mugler, parfum, notes de parfum, avis parfum, barbe à papa, noix de coco, cassier"
"Naxos de Xerjoff : notes, avis et parfums similaires",https://perfumdle.com/pins/xerjoff-naxos.jpg,"Parfums mixtes : notes, avis et parfums similaires",,"Miel sicilien, tabac blond et lavande : une douceur dorée d’après-dîner. Naxos (Xerjoff, 2015). Notes : lavande, bergamote, citron, miel, cannelle, cashmeran. Pyramide olfactive complète, avis et parfums qui lui ressemblent.",https://perfumdle.com/fr/parfum/xerjoff-naxos/,2026-10-16T11:00:00,"xerjoff, parfum, notes de parfum, avis parfum, lavande, bergamote, citron"
"Tobacco Vanille de Tom Ford : notes, avis et parfums similaires",https://perfumdle.com/pins/tom-ford-tobacco-vanille.jpg,"Parfums mixtes : notes, avis et parfums similaires",,"Feuilles de tabac miellées, vanille épaisse et fruits secs : le fumoir d’un club anglais. Tobacco Vanille (Tom Ford, 2007). Notes : tabac, gingembre, bergamote, vanille, fève tonka, cacao. Pyramide olfactive complète, avis et parfums qui lui ressemblent.",https://perfumdle.com/fr/parfum/tom-ford-tobacco-vanille/,2026-10-16T14:00:00,"tom ford, parfum, notes de parfum, avis parfum, tabac, gingembre, bergamote"
"My Way de Giorgio Armani : notes, avis et parfums similaires",https://perfumdle.com/pins/giorgio-armani-my-way.jpg,"Parfums femme : notes, avis et parfums similaires",,"Tubéreuse et fleur d’oranger sur un voile de vanille, un floral blanc solaire. My Way (Giorgio Armani, 2020). Notes : bergamote, fleur d'oranger, fleurs blanches, tubéreuse, jasmin, vanille. Pyramide olfactive complète, avis et parfums qui lui ressemblent.",https://perfumdle.com/fr/parfum/giorgio-armani-my-way/,2026-10-16T18:00:00,"giorgio armani, parfum, notes de parfum, avis parfum, bergamote, fleur d'oranger, fleurs blanches"
"Chrome de Azzaro : notes, avis et parfums similaires",https://perfumdle.com/pins/azzaro-chrome.jpg,"Parfums homme : notes, avis et parfums similaires",,"Un éclat d’agrumes et de romarin qui sent la chemise repassée et le métal poli. Chrome (Azzaro, 1996). Notes : citron, romarin, néroli, cyclamen, jasmin, ananas. Pyramide olfactive complète, avis et parfums qui lui ressemblent.",https://perfumdle.com/fr/parfum/azzaro-chrome/,2026-10-16T21:00:00,"azzaro, parfum, notes de parfum, avis parfum, citron, romarin, néroli"
"Oud Satin Mood de Maison Francis Kurkdjian : notes, avis et parfums similaires",https://perfumdle.com/pins/maison-francis-kurkdjian-oud-satin-mood.jpg,"Parfums mixtes : notes, avis et parfums similaires",,"Un oud drapé de satin, de rose confite et de vanille comme un tissu précieux. Oud Satin Mood (Maison Francis Kurkdjian, 2015). Notes : violette, rose, bergamote, oud, benjoin, vanille. Pyramide olfactive complète, avis et parfums qui lui ressemblent.",https://perfumdle.com/fr/parfum/maison-francis-kurkdjian-oud-satin-mood/,2026-10-17T08:00:00,"maison francis kurkdjian, parfum, notes de parfum, avis parfum, violette, rose, bergamote"
"Bloom de Gucci : notes, avis et parfums similaires",https://perfumdle.com/pins/gucci-bloom.jpg,"Parfums femme : notes, avis et parfums similaires",,"Tubéreuse, jasmin et liane de Rangoon : un jardin de fleurs blanches coupées à la rosée. Bloom (Gucci, 2017). Notes : liane de rangoon, jasmin, tubéreuse, chèvrefeuille, santal, musc. Pyramide olfactive complète, avis et parfums qui lui ressemblent.",https://perfumdle.com/fr/parfum/gucci-bloom/,2026-10-17T11:00:00,"gucci, parfum, notes de parfum, avis parfum, liane de rangoon, jasmin, tubéreuse"
"Lady Million de Paco Rabanne : notes, avis et parfums similaires",https://perfumdle.com/pins/paco-rabanne-lady-million.jpg,"Parfums femme : notes, avis et parfums similaires",,"Framboise, fleurs blanches et miel doré : un floral flamboyant qui aime la lumière. Lady Million (Paco Rabanne, 2010). Notes : citron d'amalfi, framboise, orange amère, gardénia, jasmin, fleur d'oranger. Pyramide olfactive complète, avis et parfums qui lui ressemblent.",https://perfumdle.com/fr/parfum/paco-rabanne-lady-million/,2026-10-17T14:00:00,"paco rabanne, parfum, notes de parfum, avis parfum, citron d'amalfi, framboise, orange amère"
"Sauvage Elixir de Dior : notes, avis et parfums similaires",https://perfumdle.com/pins/dior-sauvage-elixir.jpg,"Parfums homme : notes, avis et parfums similaires",,"Épices, lavande et réglisse sur bois ambrés : Sauvage condensé en une version dense et sombre. Sauvage Elixir (Dior, 2021). Notes : noix de muscade, cannelle, cardamome, pamplemousse, lavande, réglisse. Pyramide olfactive complète, avis et parfums qui lui ressemblent.",https://perfumdle.com/fr/parfum/dior-sauvage-elixir/,2026-10-17T18:00:00,"dior, parfum, notes de parfum, avis parfum, noix de muscade, cannelle, cardamome"
"Ombre Leather de Tom Ford : notes, avis et parfums similaires",https://perfumdle.com/pins/tom-ford-ombre-leather.jpg,"Parfums mixtes : notes, avis et parfums similaires",,"Un cuir souple, fleuri de jasmin et épicé de cardamome, qui sent la selle et le désert. Ombre Leather (Tom Ford, 2018). Notes : cardamome, feuille de violette, safran, jasmin, cuir, patchouli. Pyramide olfactive complète, avis et parfums qui lui ressemblent.",https://perfumdle.com/fr/parfum/tom-ford-ombre-leather/,2026-10-17T21:00:00,"tom ford, parfum, notes de parfum, avis parfum, cardamome, feuille de violette, safran"
"Pure XS de Paco Rabanne : notes, avis et parfums similaires",https://perfumdle.com/pins/paco-rabanne-pure-xs.jpg,"Parfums homme : notes, avis et parfums similaires",,"Gingembre, cannelle et sucre sur cuir chaud : l’excès revendiqué dans un flacon. Pure XS (Paco Rabanne, 2017). Notes : gingembre, pamplemousse, thym, vanille, cannelle, cuir. Pyramide olfactive complète, avis et parfums qui lui ressemblent.",https://perfumdle.com/fr/parfum/paco-rabanne-pure-xs/,2026-10-18T08:00:00,"paco rabanne, parfum, notes de parfum, avis parfum, gingembre, pamplemousse, thym"
"Jimmy Choo : notes, avis et parfums similaires",https://perfumdle.com/pins/jimmy-choo-jimmy-choo.jpg,"Parfums femme : notes, avis et parfums similaires",,"Poire, orchidée et caramel sur patchouli : un chypre fruité aussi glamour qu’un talon aiguille. Jimmy Choo (Jimmy Choo, 2011). Notes : notes vertes, poire, mandarine, orchidée, orchidée tigrée, caramel. Pyramide olfactive complète, avis et parfums qui lui ressemblent.",https://perfumdle.com/fr/parfum/jimmy-choo-jimmy-choo/,2026-10-18T11:00:00,"jimmy choo, parfum, notes de parfum, avis parfum, notes vertes, poire, mandarine"
"Trésor de Lancôme : notes, avis et parfums similaires",https://perfumdle.com/pins/lancome-tresor.jpg,"Parfums femme : notes, avis et parfums similaires",,"Une rose abricotée enveloppée de poudre et de musc, douce comme un pull en cachemire rose. Trésor (Lancôme, 1990). Notes : rose, ananas, pêche, iris, jasmin, lilas. Pyramide olfactive complète, avis et parfums qui lui ressemblent.",https://perfumdle.com/fr/parfum/lancome-tresor/,2026-10-18T14:00:00,"lancôme, parfum, notes de parfum, avis parfum, rose, ananas, pêche"
"CK One de Calvin Klein : notes, avis et parfums similaires",https://perfumdle.com/pins/calvin-klein-ck-one.jpg,"Parfums mixtes : notes, avis et parfums similaires",,"Le parfum-t-shirt blanc des années 1990 : propre, partagé, délibérément sans genre. CK One (Calvin Klein, 1994). Notes : bergamote, ananas, citron, jasmin, rose, noix de muscade. Pyramide olfactive complète, avis et parfums qui lui ressemblent.",https://perfumdle.com/fr/parfum/calvin-klein-ck-one/,2026-10-18T18:00:00,"calvin klein, parfum, notes de parfum, avis parfum, bergamote, ananas, citron"
"Habit Rouge de Guerlain : notes, avis et parfums similaires",https://perfumdle.com/pins/guerlain-habit-rouge.jpg,"Parfums homme : notes, avis et parfums similaires",,"L’oriental masculin originel, entre veste d’équitation, agrumes et vanille poudrée. Habit Rouge (Guerlain, 1965). Notes : citron, bergamote, basilic, œillet, rose, cannelle. Pyramide olfactive complète, avis et parfums qui lui ressemblent.",https://perfumdle.com/fr/parfum/guerlain-habit-rouge/,2026-10-18T21:00:00,"guerlain, parfum, notes de parfum, avis parfum, citron, bergamote, basilic"
"Narciso Rodriguez for Her : notes, avis et parfums similaires",https://perfumdle.com/pins/narciso-rodriguez-narciso-rodriguez-for-her.jpg,"Parfums femme : notes, avis et parfums similaires",,"Un musc charnel posé sur la rose et la fleur d’oranger : la peau comme sujet principal. Narciso Rodriguez for Her (Narciso Rodriguez, 2003). Notes : rose, pêche, bergamote, musc, ambre, fleur d'oranger. Pyramide olfactive complète, avis et parfums qui lui ressemblent.",https://perfumdle.com/fr/parfum/narciso-rodriguez-narciso-rodriguez-for-her/,2026-10-19T08:00:00,"narciso rodriguez, parfum, notes de parfum, avis parfum, rose, pêche, bergamote"
"Alien de Mugler : notes, avis et parfums similaires",https://perfumdle.com/pins/thierry-mugler-alien.jpg,"Parfums femme : notes, avis et parfums similaires",,"Un jasmin solaire irradié d’ambre blanc, mystique et presque minéral. Alien (Mugler, 2005). Notes : jasmin, mandarine, bergamote, cashmeran, bois de tigre, ambre blanc. Pyramide olfactive complète, avis et parfums qui lui ressemblent.",https://perfumdle.com/fr/parfum/thierry-mugler-alien/,2026-10-19T11:00:00,"mugler, parfum, notes de parfum, avis parfum, jasmin, mandarine, bergamote"
"Ombre Nomade de Louis Vuitton : notes, avis et parfums similaires",https://perfumdle.com/pins/louis-vuitton-ombre-nomade.jpg,"Parfums mixtes : notes, avis et parfums similaires",,"Framboise, rose et oud fumé sur un benjoin ambré : une caravane dans le désert. Ombre Nomade (Louis Vuitton, 2018). Notes : framboise, rose, oud, encens, benjoin, ambre. Pyramide olfactive complète, avis et parfums qui lui ressemblent.",https://perfumdle.com/fr/parfum/louis-vuitton-ombre-nomade/,2026-10-19T14:00:00,"louis vuitton, parfum, notes de parfum, avis parfum, framboise, rose, oud"
"Le Mâle de Jean Paul Gaultier : notes, avis et parfums similaires",https://perfumdle.com/pins/jean-paul-gaultier-le-male.jpg,"Parfums homme : notes, avis et parfums similaires",,"La lavande du barbier trempée dans la vanille : une virilité provocante et câline à la fois. Le Mâle (Jean Paul Gaultier, 1995). Notes : lavande, menthe, bergamote, cannelle, cumin, fleur d'oranger. Pyramide olfactive complète, avis et parfums qui lui ressemblent.",https://perfumdle.com/fr/parfum/jean-paul-gaultier-le-male/,2026-10-19T18:00:00,"jean paul gaultier, parfum, notes de parfum, avis parfum, lavande, menthe, bergamote"
"Acqua di Giò Profumo de Giorgio Armani : notes, avis et parfums similaires",https://perfumdle.com/pins/giorgio-armani-acqua-di-gio-profumo.jpg,"Parfums homme : notes, avis et parfums similaires",,"L’eau marine d’Acqua di Giò, assombrie d’encens et de patchouli comme une roche au crépuscule. Acqua di Giò Profumo (Giorgio Armani, 2015). Notes : bergamote, notes aquatiques, géranium, romarin, sauge, ambre. Pyramide olfactive complète, avis et parfums qui lui ressemblent.",https://perfumdle.com/fr/parfum/giorgio-armani-acqua-di-gio-profumo/,2026-10-19T21:00:00,"giorgio armani, parfum, notes de parfum, avis parfum, bergamote, notes aquatiques, géranium"
"Eau des Merveilles de Hermès : notes, avis et parfums similaires",https://perfumdle.com/pins/hermes-eau-des-merveilles.jpg,"Parfums femme : notes, avis et parfums similaires",,"Orange, élémi et ambre salin : un parfum de pierre chaude, de sel et d’étoiles. Eau des Merveilles (Hermès, 2004). Notes : orange, élémi, citron, ambre, poivre, baies roses. Pyramide olfactive complète, avis et parfums qui lui ressemblent.",https://perfumdle.com/fr/parfum/hermes-eau-des-merveilles/,2026-10-20T08:00:00,"hermès, parfum, notes de parfum, avis parfum, orange, élémi, citron"
"Boss The Scent de Hugo Boss : notes, avis et parfums similaires",https://perfumdle.com/pins/hugo-boss-boss-the-scent.jpg,"Parfums homme : notes, avis et parfums similaires",,"Gingembre, fruit de maninka et cuir doux : une séduction masculine sans détour. Boss The Scent (Hugo Boss, 2015). Notes : gingembre, mandarine, bergamote, lavande, fruit maninka, cuir. Pyramide olfactive complète, avis et parfums qui lui ressemblent.",https://perfumdle.com/fr/parfum/hugo-boss-boss-the-scent/,2026-10-20T11:00:00,"hugo boss, parfum, notes de parfum, avis parfum, gingembre, mandarine, bergamote"
"Her de Burberry : notes, avis et parfums similaires",https://perfumdle.com/pins/burberry-her.jpg,"Parfums femme : notes, avis et parfums similaires",,"Une corbeille de baies rouges et noires saupoudrée de cacao : la confiture de fruits version londonienne. Her (Burberry, 2018). Notes : mûre, framboise, fraise, violette, jasmin, rose. Pyramide olfactive complète, avis et parfums qui lui ressemblent.",https://perfumdle.com/fr/parfum/burberry-her/,2026-10-20T14:00:00,"burberry, parfum, notes de parfum, avis parfum, mûre, framboise, fraise"
"Coco de Chanel : notes, avis et parfums similaires",https://perfumdle.com/pins/chanel-coco.jpg,"Parfums femme : notes, avis et parfums similaires",,"Un oriental baroque, inspiré par les laques et les brocarts de l’appartement de Mademoiselle. Coco (Chanel, 1984). Notes : mandarine, pêche, coriandre, jasmin, rose, clou de girofle. Pyramide olfactive complète, avis et parfums qui lui ressemblent.",https://perfumdle.com/fr/parfum/chanel-coco/,2026-10-20T18:00:00,"chanel, parfum, notes de parfum, avis parfum, mandarine, pêche, coriandre"
"Coach : notes, avis et parfums similaires",https://perfumdle.com/pins/coach-coach.jpg,"Parfums femme : notes, avis et parfums similaires",,"Framboise, poivre rose et gardénia sur fond de daim : l’élégance décontractée new-yorkaise. Coach (Coach, 2016). Notes : framboise, baies roses, poire, rose, gardénia, cyclamen. Pyramide olfactive complète, avis et parfums qui lui ressemblent.",https://perfumdle.com/fr/parfum/coach-coach/,2026-10-20T21:00:00,"coach, parfum, notes de parfum, avis parfum, framboise, baies roses, poire"
"Mon Guerlain : notes, avis et parfums similaires",https://perfumdle.com/pins/guerlain-mon-guerlain.jpg,"Parfums femme : notes, avis et parfums similaires",,"Lavande de Provence et vanille crémeuse, l’héritage Guerlain en version tendre. Mon Guerlain (Guerlain, 2017). Notes : lavande, bergamote, carla lavender, jasmin, iris, rose. Pyramide olfactive complète, avis et parfums qui lui ressemblent.",https://perfumdle.com/fr/parfum/guerlain-mon-guerlain/,2026-10-21T08:00:00,"guerlain, parfum, notes de parfum, avis parfum, lavande, bergamote, carla lavender"
"Drakkar Noir de Guy Laroche : notes, avis et parfums similaires",https://perfumdle.com/pins/guy-laroche-drakkar-noir.jpg,"Parfums homme : notes, avis et parfums similaires",,"Lavande, cuir et mousse de chêne dans un flacon noir : la fougère des années 1980. Drakkar Noir (Guy Laroche, 1982). Notes : lavande, romarin, basilic, genièvre, coriandre, œillet. Pyramide olfactive complète, avis et parfums qui lui ressemblent.",https://perfumdle.com/fr/parfum/guy-laroche-drakkar-noir/,2026-10-21T11:00:00,"guy laroche, parfum, notes de parfum, avis parfum, lavande, romarin, basilic"
"Stronger With You Intensely de Giorgio Armani : notes, avis et parfums similaires",https://perfumdle.com/pins/giorgio-armani-stronger-with-you-intensely.jpg,"Parfums homme : notes, avis et parfums similaires",,"Caramel, cannelle et daim vanillé : un oriental gourmand qui sent la fête d’hiver. Stronger With You Intensely (Giorgio Armani, 2019). Notes : baies roses, baie de genièvre, feuille de violette, caramel, cannelle, sauge. Pyramide olfactive complète, avis et parfums qui lui ressemblent.",https://perfumdle.com/fr/parfum/giorgio-armani-stronger-with-you-intensely/,2026-10-21T14:00:00,"giorgio armani, parfum, notes de parfum, avis parfum, baies roses, baie de genièvre, feuille de violette"
"Donna Born in Roma de Valentino : notes, avis et parfums similaires",https://perfumdle.com/pins/valentino-donna-born-in-roma.jpg,"Parfums femme : notes, avis et parfums similaires",,"Jasmin et thé au jasmin sur une vanille boisée : Rome la nuit, en version couture. Donna Born in Roma (Valentino, 2019). Notes : cassis, baies roses, bergamote, jasmin, thé au jasmin, vanille. Pyramide olfactive complète, avis et parfums qui lui ressemblent.",https://perfumdle.com/fr/parfum/valentino-donna-born-in-roma/,2026-10-21T18:00:00,"valentino, parfum, notes de parfum, avis parfum, cassis, baies roses, bergamote"
"Santal 33 de Le Labo : notes, avis et parfums similaires",https://perfumdle.com/pins/le-labo-santal-33.jpg,"Parfums mixtes : notes, avis et parfums similaires",,"Du santal sec, du cuir et du papier ancien : l’odeur d’une boutique de créateur new-yorkaise. Santal 33 (Le Labo, 2011). Notes : cardamome, violette, iris, ambroxan, santal, papyrus. Pyramide olfactive complète, avis et parfums qui lui ressemblent.",https://perfumdle.com/fr/parfum/le-labo-santal-33/,2026-10-21T21:00:00,"le labo, parfum, notes de parfum, avis parfum, cardamome, violette, iris"
"Invictus de Paco Rabanne : notes, avis et parfums similaires",https://perfumdle.com/pins/paco-rabanne-invictus.jpg,"Parfums homme : notes, avis et parfums similaires",,"Pamplemousse, embruns et bois sucré-salé : l’énergie d’un vestiaire après la victoire. Invictus (Paco Rabanne, 2013). Notes : pamplemousse, notes marines, mandarine, feuille de laurier, jasmin, hedione. Pyramide olfactive complète, avis et parfums qui lui ressemblent.",https://perfumdle.com/fr/parfum/paco-rabanne-invictus/,2026-10-22T08:00:00,"paco rabanne, parfum, notes de parfum, avis parfum, pamplemousse, notes marines, mandarine"
"Flowerbomb de Viktor & Rolf : notes, avis et parfums similaires",https://perfumdle.com/pins/viktor-rolf-flowerbomb.jpg,"Parfums femme : notes, avis et parfums similaires",,"Une grenade de fleurs sucrées qui éclate sur un lit de patchouli. Flowerbomb (Viktor & Rolf, 2005). Notes : bergamote, thé, osmanthus, jasmin, rose, orchidée. Pyramide olfactive complète, avis et parfums qui lui ressemblent.",https://perfumdle.com/fr/parfum/viktor-rolf-flowerbomb/,2026-10-22T11:00:00,"viktor & rolf, parfum, notes de parfum, avis parfum, bergamote, thé, osmanthus"
"Lost Cherry de Tom Ford : notes, avis et parfums similaires",https://perfumdle.com/pins/tom-ford-lost-cherry.jpg,"Parfums mixtes : notes, avis et parfums similaires",,"Une griotte à l’eau-de-vie, glissée dans un nid d’amande et de tonka. Lost Cherry (Tom Ford, 2018). Notes : cerise, amande, liqueur de cerise, rose, jasmin, prune. Pyramide olfactive complète, avis et parfums qui lui ressemblent.",https://perfumdle.com/fr/parfum/tom-ford-lost-cherry/,2026-10-22T14:00:00,"tom ford, parfum, notes de parfum, avis parfum, cerise, amande, liqueur de cerise"
"1 Million de Paco Rabanne : notes, avis et parfums similaires",https://perfumdle.com/pins/paco-rabanne-1-million.jpg,"Parfums homme : notes, avis et parfums similaires",,"Un lingot doré de cannelle, de cuir sucré et d’ambre, pensé pour être remarqué. 1 Million (Paco Rabanne, 2008). Notes : pamplemousse, mandarine, menthe, cannelle, rose, notes épicées. Pyramide olfactive complète, avis et parfums qui lui ressemblent.",https://perfumdle.com/fr/parfum/paco-rabanne-1-million/,2026-10-22T18:00:00,"paco rabanne, parfum, notes de parfum, avis parfum, pamplemousse, mandarine, menthe"
"Spicebomb Extreme de Viktor & Rolf : notes, avis et parfums similaires",https://perfumdle.com/pins/viktor-rolf-spicebomb-extreme.jpg,"Parfums homme : notes, avis et parfums similaires",,"Tabac, cannelle et vanille : une grenade épicée qui explose en douceur. Spicebomb Extreme (Viktor & Rolf, 2015). Notes : poivre, gingembre, cannelle, tabac, safran, vanille. Pyramide olfactive complète, avis et parfums qui lui ressemblent.",https://perfumdle.com/fr/parfum/viktor-rolf-spicebomb-extreme/,2026-10-22T21:00:00,"viktor & rolf, parfum, notes de parfum, avis parfum, poivre, gingembre, cannelle"
"Olympéa de Paco Rabanne : notes, avis et parfums similaires",https://perfumdle.com/pins/paco-rabanne-olympea.jpg,"Parfums femme : notes, avis et parfums similaires",,"Vanille salée et jasmin sur peau tiède : une déesse qui sort de la mer. Olympéa (Paco Rabanne, 2015). Notes : mandarine verte, notes aquatiques, baies roses, jasmin, lys gingembre, vanille salée. Pyramide olfactive complète, avis et parfums qui lui ressemblent.",https://perfumdle.com/fr/parfum/paco-rabanne-olympea/,2026-10-23T08:00:00,"paco rabanne, parfum, notes de parfum, avis parfum, mandarine verte, notes aquatiques, baies roses"
"Terre d'Hermès : notes, avis et parfums similaires",https://perfumdle.com/pins/hermes-terre-dhermes.jpg,"Parfums homme : notes, avis et parfums similaires",,"Orange amère, silex et vétiver : un parfum de terre chauffée et de pierre sèche. Terre d'Hermès (Hermès, 2006). Notes : orange, pamplemousse, silex, poivre, géranium, patchouli. Pyramide olfactive complète, avis et parfums qui lui ressemblent.",https://perfumdle.com/fr/parfum/hermes-terre-dhermes/,2026-10-23T11:00:00,"hermès, parfum, notes de parfum, avis parfum, orange, pamplemousse, silex"
"Chance de Chanel : notes, avis et parfums similaires",https://perfumdle.com/pins/chanel-chance.jpg,"Parfums femme : notes, avis et parfums similaires",,"Poivre rose, jacinthe et patchouli propre : la pétillance d’un chypre qui ne se prend pas au sérieux. Chance (Chanel, 2002). Notes : baies roses, ananas, citron, jasmin, jacinthe, iris. Pyramide olfactive complète, avis et parfums qui lui ressemblent.",https://perfumdle.com/fr/parfum/chanel-chance/,2026-10-23T14:00:00,"chanel, parfum, notes de parfum, avis parfum, baies roses, ananas, citron"
"Mon Paris de Yves Saint Laurent : notes, avis et parfums similaires",https://perfumdle.com/pins/yves-saint-laurent-mon-paris.jpg,"Parfums femme : notes, avis et parfums similaires",,"Fraise, framboise et datura sur patchouli : un coup de foudre sucré, un peu vertigineux. Mon Paris (Yves Saint Laurent, 2016). Notes : fraise, framboise, poire, pivoine, datura, jasmin. Pyramide olfactive complète, avis et parfums qui lui ressemblent.",https://perfumdle.com/fr/parfum/yves-saint-laurent-mon-paris/,2026-10-23T18:00:00,"yves saint laurent, parfum, notes de parfum, avis parfum, fraise, framboise, poire"
"Azzaro Pour Homme : notes, avis et parfums similaires",https://perfumdle.com/pins/azzaro-azzaro-pour-homme.jpg,"Parfums homme : notes, avis et parfums similaires",,"Lavande, anis et mousse de chêne : la fougère méditerranéenne d’un séducteur à l’ancienne. Azzaro Pour Homme (Azzaro, 1978). Notes : lavande, anis, bergamote, iris, basilic, géranium. Pyramide olfactive complète, avis et parfums qui lui ressemblent.",https://perfumdle.com/fr/parfum/azzaro-azzaro-pour-homme/,2026-10-23T21:00:00,"azzaro, parfum, notes de parfum, avis parfum, lavande, anis, bergamote"
"Oud Wood de Tom Ford : notes, avis et parfums similaires",https://perfumdle.com/pins/tom-ford-oud-wood.jpg,"Parfums mixtes : notes, avis et parfums similaires",,"Un oud policé pour l’Occident : bois fumés, cardamome et tonka dans un fauteuil de cuir. Oud Wood (Tom Ford, 2007). Notes : bois de rose, cardamome, poivre du sichuan, oud, santal, vétiver. Pyramide olfactive complète, avis et parfums qui lui ressemblent.",https://perfumdle.com/fr/parfum/tom-ford-oud-wood/,2026-10-24T08:00:00,"tom ford, parfum, notes de parfum, avis parfum, bois de rose, cardamome, poivre du sichuan"
"Boss Bottled de Hugo Boss : notes, avis et parfums similaires",https://perfumdle.com/pins/hugo-boss-boss-bottled.jpg,"Parfums homme : notes, avis et parfums similaires",,"Pomme, cannelle et bois vanillés : le costume bien coupé du masculin de bureau. Boss Bottled (Hugo Boss, 1998). Notes : pomme, agrumes, prune, géranium, cannelle, clou de girofle. Pyramide olfactive complète, avis et parfums qui lui ressemblent.",https://perfumdle.com/fr/parfum/hugo-boss-boss-bottled/,2026-10-24T11:00:00,"hugo boss, parfum, notes de parfum, avis parfum, pomme, agrumes, prune"
"Gabrielle de Chanel : notes, avis et parfums similaires",https://perfumdle.com/pins/chanel-gabrielle.jpg,"Parfums femme : notes, avis et parfums similaires",,"Quatre fleurs blanches en pleine lumière : jasmin, fleur d’oranger, ylang-ylang et tubéreuse. Gabrielle (Chanel, 2017). Notes : pamplemousse, mandarine, cassis, fleur d'oranger, jasmin, ylang-ylang. Pyramide olfactive complète, avis et parfums qui lui ressemblent.",https://perfumdle.com/fr/parfum/chanel-gabrielle/,2026-10-24T14:00:00,"chanel, parfum, notes de parfum, avis parfum, pamplemousse, mandarine, cassis"
"Soleil Blanc de Tom Ford : notes, avis et parfums similaires",https://perfumdle.com/pins/tom-ford-soleil-blanc.jpg,"Parfums mixtes : notes, avis et parfums similaires",,"Pistache, tubéreuse et coco : la chaleur dorée d’une peau au soleil. Soleil Blanc (Tom Ford, 2016). Notes : pistache, bergamote, cardamome, baies roses, tubéreuse, ylang-ylang. Pyramide olfactive complète, avis et parfums qui lui ressemblent.",https://perfumdle.com/fr/parfum/tom-ford-soleil-blanc/,2026-10-24T18:00:00,"tom ford, parfum, notes de parfum, avis parfum, pistache, bergamote, cardamome"
"The One de Dolce & Gabbana : notes, avis et parfums similaires",https://perfumdle.com/pins/dolce-gabbana-the-one.jpg,"Parfums femme : notes, avis et parfums similaires",,"Pêche, litchi et vanille dorée : un glamour à l’italienne, chaud et fruité. The One (Dolce & Gabbana, 2006). Notes : pêche, bergamote, litchi, jasmin, lys, prune. Pyramide olfactive complète, avis et parfums qui lui ressemblent.",https://perfumdle.com/fr/parfum/dolce-gabbana-the-one/,2026-10-24T21:00:00,"dolce & gabbana, parfum, notes de parfum, avis parfum, pêche, bergamote, litchi"
"Very Irrésistible de Givenchy : notes, avis et parfums similaires",https://perfumdle.com/pins/givenchy-very-irresistible.jpg,"Parfums femme : notes, avis et parfums similaires",,"Une rose pétillante relevée d’anis étoilé : fraîche, verte et joyeusement insolente. Very Irrésistible (Givenchy, 2003). Notes : rose, anis étoilé, verveine, rose centifolia, pivoine, jasmin. Pyramide olfactive complète, avis et parfums qui lui ressemblent.",https://perfumdle.com/fr/parfum/givenchy-very-irresistible/,2026-10-25T08:00:00,"givenchy, parfum, notes de parfum, avis parfum, rose, anis étoilé, verveine"
"Luna Rossa de Prada : notes, avis et parfums similaires",https://perfumdle.com/pins/prada-luna-rossa.jpg,"Parfums homme : notes, avis et parfums similaires",,"Une lavande nette et mentholée, polie comme une coque de voilier de course. Luna Rossa (Prada, 2012). Notes : lavande, bergamote, orange, sauge, menthe verte, ambroxan. Pyramide olfactive complète, avis et parfums qui lui ressemblent.",https://perfumdle.com/fr/parfum/prada-luna-rossa/,2026-10-25T11:00:00,"prada, parfum, notes de parfum, avis parfum, lavande, bergamote, orange"
"Chloé Eau de Parfum : notes, avis et parfums similaires",https://perfumdle.com/pins/chloe-chloe-eau-de-parfum.jpg,"Parfums femme : notes, avis et parfums similaires",,"Une rose poudrée et propre, fraîche comme une robe de coton blanc. Chloé Eau de Parfum (Chloé, 2008). Notes : pivoine, freesia, litchi, rose, muguet, magnolia. Pyramide olfactive complète, avis et parfums qui lui ressemblent.",https://perfumdle.com/fr/parfum/chloe-chloe-eau-de-parfum/,2026-10-25T14:00:00,"chloé, parfum, notes de parfum, avis parfum, pivoine, freesia, litchi"
"Aromatics Elixir de Clinique : notes, avis et parfums similaires",https://perfumdle.com/pins/clinique-aromatics-elixir.jpg,"Parfums femme : notes, avis et parfums similaires",,"Camomille, rose et mousse de chêne : un chypre herbal, sombre et d’une autorité rare. Aromatics Elixir (Clinique, 1971). Notes : camomille, coriandre, bergamote, rose, jasmin, ylang-ylang. Pyramide olfactive complète, avis et parfums qui lui ressemblent.",https://perfumdle.com/fr/parfum/clinique-aromatics-elixir/,2026-10-25T18:00:00,"clinique, parfum, notes de parfum, avis parfum, camomille, coriandre, bergamote"
"Polo de Ralph Lauren : notes, avis et parfums similaires",https://perfumdle.com/pins/ralph-lauren-polo.jpg,"Parfums homme : notes, avis et parfums similaires",,"Aiguilles de pin, herbes amères et cuir de sellerie : le vestiaire vert d’un gentleman-farmer. Polo (Ralph Lauren, 1978). Notes : armoise, basilic, thym, pin, patchouli, mousse de chêne. Pyramide olfactive complète, avis et parfums qui lui ressemblent.",https://perfumdle.com/fr/parfum/ralph-lauren-polo/,2026-10-25T21:00:00,"ralph lauren, parfum, notes de parfum, avis parfum, armoise, basilic, thym"
"Fahrenheit de Dior : notes, avis et parfums similaires",https://perfumdle.com/pins/dior-fahrenheit.jpg,"Parfums homme : notes, avis et parfums similaires",,"Violette, essence et cuir chaud : un masculin qui sent l’asphalte au coucher du soleil. Fahrenheit (Dior, 1988). Notes : lavande, mandarine, aubépine, violette, noix de muscade, cèdre. Pyramide olfactive complète, avis et parfums qui lui ressemblent.",https://perfumdle.com/fr/parfum/dior-fahrenheit/,2026-10-26T08:00:00,"dior, parfum, notes de parfum, avis parfum, lavande, mandarine, aubépine"
"Allure Homme Sport de Chanel : notes, avis et parfums similaires",https://perfumdle.com/pins/chanel-allure-homme-sport.jpg,"Parfums homme : notes, avis et parfums similaires",,"Orange pétillante, aldéhydes salins et tonka : la fraîcheur sportive vue par Chanel. Allure Homme Sport (Chanel, 2004). Notes : orange, mandarine, aldéhydes, poivre, néroli, cèdre. Pyramide olfactive complète, avis et parfums qui lui ressemblent.",https://perfumdle.com/fr/parfum/chanel-allure-homme-sport/,2026-10-26T11:00:00,"chanel, parfum, notes de parfum, avis parfum, orange, mandarine, aldéhydes"
"Angels' Share de By Kilian : notes, avis et parfums similaires",https://perfumdle.com/pins/by-kilian-angels-share.jpg,"Parfums mixtes : notes, avis et parfums similaires",,"Cognac, cannelle et praliné : un verre ambré partagé au coin du feu. Angels' Share (By Kilian, 2020). Notes : cognac, cannelle, fève tonka, chêne, praline, vanille. Pyramide olfactive complète, avis et parfums qui lui ressemblent.",https://perfumdle.com/fr/parfum/by-kilian-angels-share/,2026-10-26T14:00:00,"by kilian, parfum, notes de parfum, avis parfum, cognac, cannelle, fève tonka"
"Paris de Yves Saint Laurent : notes, avis et parfums similaires",https://perfumdle.com/pins/yves-saint-laurent-paris.jpg,"Parfums femme : notes, avis et parfums similaires",,"Une brassée de roses poudrées de violette, déclaration d’amour à la capitale. Paris (Yves Saint Laurent, 1983). Notes : rose, violette, bergamote, iris, muguet, santal. Pyramide olfactive complète, avis et parfums qui lui ressemblent.",https://perfumdle.com/fr/parfum/yves-saint-laurent-paris/,2026-10-26T18:00:00,"yves saint laurent, parfum, notes de parfum, avis parfum, rose, violette, bergamote"
"Trésor Midnight Rose de Lancôme : notes, avis et parfums similaires",https://perfumdle.com/pins/lancome-tresor-midnight-rose.jpg,"Parfums femme : notes, avis et parfums similaires",,"Framboise, rose et vanille musquée : une rose de minuit croquante et romantique. Trésor Midnight Rose (Lancôme, 2011). Notes : framboise, cassis, baies roses, rose, pivoine, jasmin. Pyramide olfactive complète, avis et parfums qui lui ressemblent.",https://perfumdle.com/fr/parfum/lancome-tresor-midnight-rose/,2026-10-26T21:00:00,"lancôme, parfum, notes de parfum, avis parfum, framboise, cassis, baies roses"
"Y de Yves Saint Laurent : notes, avis et parfums similaires",https://perfumdle.com/pins/yves-saint-laurent-y.jpg,"Parfums homme : notes, avis et parfums similaires",,"Pomme verte, sauge et bois ambrés : la fraîcheur masculine version polo blanc. Y (Yves Saint Laurent, 2017). Notes : pomme, gingembre, bergamote, sauge, genièvre, géranium. Pyramide olfactive complète, avis et parfums qui lui ressemblent.",https://perfumdle.com/fr/parfum/yves-saint-laurent-y/,2026-10-27T08:00:00,"yves saint laurent, parfum, notes de parfum, avis parfum, pomme, gingembre, bergamote"
"Burberry London : notes, avis et parfums similaires",https://perfumdle.com/pins/burberry-burberry-london.jpg,"Parfums femme : notes, avis et parfums similaires",,"Un bouquet de fleurs blanches enroulé dans un trench beige, un jour de pluie à Londres. Burberry London (Burberry, 2006). Notes : chèvrefeuille, mandarine, rose, fleur de tiaré, jasmin, pivoine. Pyramide olfactive complète, avis et parfums qui lui ressemblent.",https://perfumdle.com/fr/parfum/burberry-burberry-london/,2026-10-27T11:00:00,"burberry, parfum, notes de parfum, avis parfum, chèvrefeuille, mandarine, rose"
"Musc Ravageur de Frédéric Malle : notes, avis et parfums similaires",https://perfumdle.com/pins/editions-de-parfums-frederic-malle-musc-ravageur.jpg,"Parfums mixtes : notes, avis et parfums similaires",,"Cannelle, clou de girofle et musc vanillé : une peau chaude, épicée et franchement sensuelle. Musc Ravageur (Frédéric Malle, 2000). Notes : lavande, bergamote, cannelle, clous de girofle, santal, fève tonka. Pyramide olfactive complète, avis et parfums qui lui ressemblent.",https://perfumdle.com/fr/parfum/editions-de-parfums-frederic-malle-musc-ravageur/,2026-10-27T14:00:00,"frédéric malle, parfum, notes de parfum, avis parfum, lavande, bergamote, cannelle"
"Chance Eau Tendre de Chanel : notes, avis et parfums similaires",https://perfumdle.com/pins/chanel-chance-eau-tendre.jpg,"Parfums femme : notes, avis et parfums similaires",,"Coing et pamplemousse posés sur un iris et une jacinthe : la douceur Chance en pastel. Chance Eau Tendre (Chanel, 2010). Notes : pamplemousse, coing, iris, jacinthe, ambre, musc. Pyramide olfactive complète, avis et parfums qui lui ressemblent.",https://perfumdle.com/fr/parfum/chanel-chance-eau-tendre/,2026-10-27T18:00:00,"chanel, parfum, notes de parfum, avis parfum, pamplemousse, coing, iris"
"Devotion de Dolce & Gabbana : notes, avis et parfums similaires",https://perfumdle.com/pins/dolce-gabbana-devotion.jpg,"Parfums femme : notes, avis et parfums similaires",,"Orange confite, rhum et fleur d’oranger : un dessert sicilien servi sur la peau. Devotion (Dolce & Gabbana, 2022). Notes : orange confite, rhum, citron, fleur d'oranger, vanille, santal. Pyramide olfactive complète, avis et parfums qui lui ressemblent.",https://perfumdle.com/fr/parfum/dolce-gabbana-devotion/,2026-10-27T21:00:00,"dolce & gabbana, parfum, notes de parfum, avis parfum, orange confite, rhum, citron"
"L'Air du Temps de Nina Ricci : notes, avis et parfums similaires",https://perfumdle.com/pins/nina-ricci-lair-du-temps.jpg,"Parfums femme : notes, avis et parfums similaires",,"Un bouquet d’œillet doux et de pêche duveteuse, né de l’après-guerre comme une promesse de paix. L'Air du Temps (Nina Ricci, 1948). Notes : bergamote, pêche, néroli, rose, jasmin, violette. Pyramide olfactive complète, avis et parfums qui lui ressemblent.",https://perfumdle.com/fr/parfum/nina-ricci-lair-du-temps/,2026-10-28T08:00:00,"nina ricci, parfum, notes de parfum, avis parfum, bergamote, pêche, néroli"
"Youth Dew de Estée Lauder : notes, avis et parfums similaires",https://perfumdle.com/pins/estee-lauder-youth-dew.jpg,"Parfums femme : notes, avis et parfums similaires",,"Un velours d’épices et de baume qui a appris aux Américaines à porter du parfum au quotidien. Youth Dew (Estée Lauder, 1953). Notes : aldéhydes, pêche, bergamote, rose, jasmin, ylang-ylang. Pyramide olfactive complète, avis et parfums qui lui ressemblent.",https://perfumdle.com/fr/parfum/estee-lauder-youth-dew/,2026-10-28T11:00:00,"estée lauder, parfum, notes de parfum, avis parfum, aldéhydes, pêche, bergamote"
"Arpège de Lanvin : notes, avis et parfums similaires",https://perfumdle.com/pins/lanvin-arpege.jpg,"Parfums femme : notes, avis et parfums similaires",,"Un accord de piano en aldéhydes et fleurs blanches, poli comme un vernis ancien. Arpège (Lanvin, 1927). Notes : aldéhydes, bergamote, pêche, rose, jasmin, muguet. Pyramide olfactive complète, avis et parfums qui lui ressemblent.",https://perfumdle.com/fr/parfum/lanvin-arpege/,2026-10-28T14:00:00,"lanvin, parfum, notes de parfum, avis parfum, aldéhydes, bergamote, pêche"
"Joy de Patou : notes, avis et parfums similaires",https://perfumdle.com/pins/jean-patou-joy.jpg,"Parfums femme : notes, avis et parfums similaires",,"Une avalanche de rose et de jasmin, tenue par une pointe de civette qui lui donne chair. Joy (Patou, 1930). Notes : rose, tubéreuse, ylang-ylang, jasmin, iris, santal. Pyramide olfactive complète, avis et parfums qui lui ressemblent.",https://perfumdle.com/fr/parfum/jean-patou-joy/,2026-10-28T18:00:00,"patou, parfum, notes de parfum, avis parfum, rose, tubéreuse, ylang-ylang"
"Femme de Rochas : notes, avis et parfums similaires",https://perfumdle.com/pins/rochas-femme.jpg,"Parfums femme : notes, avis et parfums similaires",,"Une prune mûre posée sur la mousse de chêne : la sensualité d’un chypre fruité d’après-guerre. Femme (Rochas, 1944). Notes : prune, pêche, bergamote, rose, jasmin, ylang-ylang. Pyramide olfactive complète, avis et parfums qui lui ressemblent.",https://perfumdle.com/fr/parfum/rochas-femme/,2026-10-28T21:00:00,"rochas, parfum, notes de parfum, avis parfum, prune, pêche, bergamote"
"Mitsouko de Guerlain : notes, avis et parfums similaires",https://perfumdle.com/pins/guerlain-mitsouko.jpg,"Parfums femme : notes, avis et parfums similaires",,"Une pêche veloutée posée sur la mousse de chêne : le chypre le plus mélancolique du siècle. Mitsouko (Guerlain, 1919). Notes : bergamote, pêche, citron, rose, jasmin, ylang-ylang. Pyramide olfactive complète, avis et parfums qui lui ressemblent.",https://perfumdle.com/fr/parfum/guerlain-mitsouko/,2026-10-29T08:00:00,"guerlain, parfum, notes de parfum, avis parfum, bergamote, pêche, citron"
"Opium de Yves Saint Laurent : notes, avis et parfums similaires",https://perfumdle.com/pins/yves-saint-laurent-opium.jpg,"Parfums femme : notes, avis et parfums similaires",,"Clou de girofle, prune confite et résines chaudes : un oriental qui ne demande pas la permission. Opium (Yves Saint Laurent, 1977). Notes : mandarine, prune, clou de girofle, jasmin, rose, œillet. Pyramide olfactive complète, avis et parfums qui lui ressemblent.",https://perfumdle.com/fr/parfum/yves-saint-laurent-opium/,2026-10-29T11:00:00,"yves saint laurent, parfum, notes de parfum, avis parfum, mandarine, prune, clou de girofle"
"Beautiful de Estée Lauder : notes, avis et parfums similaires",https://perfumdle.com/pins/estee-lauder-beautiful.jpg,"Parfums femme : notes, avis et parfums similaires",,"Une gerbe de mariée démesurée : rose, tubéreuse et œillet déployés comme un grand oui. Beautiful (Estée Lauder, 1985). Notes : rose, lys, mandarine, jasmin, tubéreuse, œillet. Pyramide olfactive complète, avis et parfums qui lui ressemblent.",https://perfumdle.com/fr/parfum/estee-lauder-beautiful/,2026-10-29T14:00:00,"estée lauder, parfum, notes de parfum, avis parfum, rose, lys, mandarine"
"Obsession de Calvin Klein : notes, avis et parfums similaires",https://perfumdle.com/pins/calvin-klein-obsession.jpg,"Parfums femme : notes, avis et parfums similaires",,"L’ambre des années 1980 dans toute son insolence : chaud, épicé, impossible à ignorer. Obsession (Calvin Klein, 1985). Notes : mandarine, bergamote, vanille, jasmin, fleur d'oranger, santal. Pyramide olfactive complète, avis et parfums qui lui ressemblent.",https://perfumdle.com/fr/parfum/calvin-klein-obsession/,2026-10-29T18:00:00,"calvin klein, parfum, notes de parfum, avis parfum, mandarine, bergamote, vanille"
"Eternity de Calvin Klein : notes, avis et parfums similaires",https://perfumdle.com/pins/calvin-klein-eternity.jpg,"Parfums femme : notes, avis et parfums similaires",,"Un bouquet blanc, net et aérien, comme du linge frais au milieu des fleurs coupées. Eternity (Calvin Klein, 1988). Notes : freesia, mandarine, sauge, rose, lys, narcisse. Pyramide olfactive complète, avis et parfums qui lui ressemblent.",https://perfumdle.com/fr/parfum/calvin-klein-eternity/,2026-10-29T21:00:00,"calvin klein, parfum, notes de parfum, avis parfum, freesia, mandarine, sauge"
"L'Eau d'Issey de Issey Miyake : notes, avis et parfums similaires",https://perfumdle.com/pins/issey-miyake-leau-dissey.jpg,"Parfums femme : notes, avis et parfums similaires",,"Des fleurs posées sur l’eau, fraîches et minérales, comme un bouquet vu à travers une vitre mouillée. L'Eau d'Issey (Issey Miyake, 1992). Notes : lotus, melon, freesia, pivoine, lys, rose. Pyramide olfactive complète, avis et parfums qui lui ressemblent.",https://perfumdle.com/fr/parfum/issey-miyake-leau-dissey/,2026-10-30T08:00:00,"issey miyake, parfum, notes de parfum, avis parfum, lotus, melon, freesia"
"Pleasures de Estée Lauder : notes, avis et parfums similaires",https://perfumdle.com/pins/estee-lauder-pleasures.jpg,"Parfums femme : notes, avis et parfums similaires",,"Des pivoines mouillées et des feuilles de violette : le jardin juste après l’averse. Pleasures (Estée Lauder, 1995). Notes : feuille de violette, notes vertes, baies roses, rose, pivoine, lys. Pyramide olfactive complète, avis et parfums qui lui ressemblent.",https://perfumdle.com/fr/parfum/estee-lauder-pleasures/,2026-10-30T11:00:00,"estée lauder, parfum, notes de parfum, avis parfum, feuille de violette, notes vertes, baies roses"
"Allure de Chanel : notes, avis et parfums similaires",https://perfumdle.com/pins/chanel-allure.jpg,"Parfums femme : notes, avis et parfums similaires",,"Pêche veloutée, fleurs blondes et vanille boisée : un floral ambré d’une douceur maîtrisée. Allure (Chanel, 1996). Notes : pêche, mandarine, citron, rose, jasmin, magnolia. Pyramide olfactive complète, avis et parfums qui lui ressemblent.",https://perfumdle.com/fr/parfum/chanel-allure/,2026-10-30T14:00:00,"chanel, parfum, notes de parfum, avis parfum, pêche, mandarine, citron"
"Light Blue de Dolce & Gabbana : notes, avis et parfums similaires",https://perfumdle.com/pins/dolce-gabbana-light-blue.jpg,"Parfums femme : notes, avis et parfums similaires",,"Pomme verte croquante et bois ensoleillés : un après-midi méditerranéen en flacon. Light Blue (Dolce & Gabbana, 2001). Notes : pomme, jacinthe des bois, cèdre, jasmin, bambou, rose. Pyramide olfactive complète, avis et parfums qui lui ressemblent.",https://perfumdle.com/fr/parfum/dolce-gabbana-light-blue/,2026-10-30T18:00:00,"dolce & gabbana, parfum, notes de parfum, avis parfum, pomme, jacinthe des bois, cèdre"
"Black Orchid de Tom Ford : notes, avis et parfums similaires",https://perfumdle.com/pins/tom-ford-black-orchid.jpg,"Parfums mixtes : notes, avis et parfums similaires",,"Truffe noire, cassis et orchidée : une fleur nocturne au parfum de sous-bois et de chocolat noir. Black Orchid (Tom Ford, 2006). Notes : truffe, cassis, bergamote, orchidée, lotus, ylang-ylang. Pyramide olfactive complète, avis et parfums qui lui ressemblent.",https://perfumdle.com/fr/parfum/tom-ford-black-orchid/,2026-10-30T21:00:00,"tom ford, parfum, notes de parfum, avis parfum, truffe, cassis, bergamote"
"Bal d'Afrique de Byredo : notes, avis et parfums similaires",https://perfumdle.com/pins/byredo-bal-dafrique.jpg,"Parfums mixtes : notes, avis et parfums similaires",,"Un Paris des années 1920 rêvé à travers l’Afrique : agrumes dorés, violette et vétiver. Bal d'Afrique (Byredo, 2009). Notes : bergamote, citron, néroli, violette, jasmin, cyclamen. Pyramide olfactive complète, avis et parfums qui lui ressemblent.",https://perfumdle.com/fr/parfum/byredo-bal-dafrique/,2026-10-31T08:00:00,"byredo, parfum, notes de parfum, avis parfum, bergamote, citron, néroli"
"Un Jardin sur le Nil de Hermès : notes, avis et parfums similaires",https://perfumdle.com/pins/hermes-un-jardin-sur-le-nil.jpg,"Parfums mixtes : notes, avis et parfums similaires",,"Mangue verte, lotus et roseau : la fraîcheur d’une île du Nil peinte à l’aquarelle. Un Jardin sur le Nil (Hermès, 2005). Notes : mangue verte, lotus, pamplemousse, pivoine, fleur d'oranger, roseau. Pyramide olfactive complète, avis et parfums qui lui ressemblent.",https://perfumdle.com/fr/parfum/hermes-un-jardin-sur-le-nil/,2026-10-31T11:00:00,"hermès, parfum, notes de parfum, avis parfum, mangue verte, lotus, pamplemousse"
"L'Eau par Kenzo : notes, avis et parfums similaires",https://perfumdle.com/pins/kenzo-leau-par-kenzo.jpg,"Parfums femme : notes, avis et parfums similaires",,"Pêche blanche, nénuphar et menthe : une eau douce, fraîche comme une rivière à l’ombre. L'Eau par Kenzo (Kenzo, 1996). Notes : pêche blanche, mandarine, citron, nénuphar, menthe, rose blanche. Pyramide olfactive complète, avis et parfums qui lui ressemblent.",https://perfumdle.com/fr/parfum/kenzo-leau-par-kenzo/,2026-10-31T14:00:00,"kenzo, parfum, notes de parfum, avis parfum, pêche blanche, mandarine, citron"
"Pour Monsieur de Chanel : notes, avis et parfums similaires",https://perfumdle.com/pins/chanel-pour-monsieur.jpg,"Parfums homme : notes, avis et parfums similaires",,"Citron, estragon et mousse de chêne : la discrétion souveraine du gentleman d’après-guerre. Pour Monsieur (Chanel, 1955). Notes : citron, néroli, bergamote, estragon, mousse de chêne, œillet. Pyramide olfactive complète, avis et parfums qui lui ressemblent.",https://perfumdle.com/fr/parfum/chanel-pour-monsieur/,2026-10-31T18:00:00,"chanel, parfum, notes de parfum, avis parfum, citron, néroli, bergamote"
"Cool Water de Davidoff : notes, avis et parfums similaires",https://perfumdle.com/pins/davidoff-cool-water.jpg,"Parfums homme : notes, avis et parfums similaires",,"Menthe, lavande et air iodé : la fraîcheur marine qui a redessiné le parfum masculin. Cool Water (Davidoff, 1988). Notes : menthe, lavande, coriandre, géranium, jasmin, santal. Pyramide olfactive complète, avis et parfums qui lui ressemblent.",https://perfumdle.com/fr/parfum/davidoff-cool-water/,2026-10-31T21:00:00,"davidoff, parfum, notes de parfum, avis parfum, menthe, lavande, coriandre"
"L'Eau d'Issey Pour Homme de Issey Miyake : notes, avis et parfums similaires",https://perfumdle.com/pins/issey-miyake-leau-dissey-pour-homme.jpg,"Parfums homme : notes, avis et parfums similaires",,"Yuzu acidulé, épices fines et bois propre : la fraîcheur des années 1990 dans toute sa netteté. L'Eau d'Issey Pour Homme (Issey Miyake, 1994). Notes : yuzu, bergamote, citron, noix de muscade, cannelle, muguet. Pyramide olfactive complète, avis et parfums qui lui ressemblent.",https://perfumdle.com/fr/parfum/issey-miyake-leau-dissey-pour-homme/,2026-11-01T08:00:00,"issey miyake, parfum, notes de parfum, avis parfum, yuzu, bergamote, citron"
"Dolce Vita de Dior : notes, avis et parfums similaires",https://perfumdle.com/pins/dior-dolce-vita.jpg,"Parfums femme : notes, avis et parfums similaires",,"Pêche, cannelle et santal crémeux : un floral solaire au goût de tarte chaude. Dolce Vita (Dior, 1994). Notes : pêche, bergamote, mandarine, rose, lys, cannelle. Pyramide olfactive complète, avis et parfums qui lui ressemblent.",https://perfumdle.com/fr/parfum/dior-dolce-vita/,2026-11-01T11:00:00,"dior, parfum, notes de parfum, avis parfum, pêche, bergamote, mandarine"
"Silver Mountain Water de Creed : notes, avis et parfums similaires",https://perfumdle.com/pins/creed-silver-mountain-water.jpg,"Parfums mixtes : notes, avis et parfums similaires",,"Thé vert et cassis sur fond musqué : l’air cristallin d’un sommet enneigé. Silver Mountain Water (Creed, 1995). Notes : bergamote, mandarine, néroli, thé vert, cassis, galbanum. Pyramide olfactive complète, avis et parfums qui lui ressemblent.",https://perfumdle.com/fr/parfum/creed-silver-mountain-water/,2026-11-01T14:00:00,"creed, parfum, notes de parfum, avis parfum, bergamote, mandarine, néroli"
"Green Irish Tweed de Creed : notes, avis et parfums similaires",https://perfumdle.com/pins/creed-green-irish-tweed.jpg,"Parfums homme : notes, avis et parfums similaires",,"Une prairie irlandaise après la pluie, traversée de feuilles de violette et d’iris. Green Irish Tweed (Creed, 1985). Notes : verveine citronnée, iris, menthe poivrée, feuille de violette, trèfle, santal. Pyramide olfactive complète, avis et parfums qui lui ressemblent.",https://perfumdle.com/fr/parfum/creed-green-irish-tweed/,2026-11-01T18:00:00,"creed, parfum, notes de parfum, avis parfum, verveine citronnée, iris, menthe poivrée"
"Sì Passione de Giorgio Armani : notes, avis et parfums similaires",https://perfumdle.com/pins/giorgio-armani-si-passione.jpg,"Parfums femme : notes, avis et parfums similaires",,"Poire croquante et cassis rougi de poivre : la version passionnée, plus fruitée, de Sì. Sì Passione (Giorgio Armani, 2017). Notes : poire, cassis, baies roses, rose, jasmin, héliotrope. Pyramide olfactive complète, avis et parfums qui lui ressemblent.",https://perfumdle.com/fr/parfum/giorgio-armani-si-passione/,2026-11-01T21:00:00,"giorgio armani, parfum, notes de parfum, avis parfum, poire, cassis, baies roses"
"Dolce de Dolce & Gabbana : notes, avis et parfums similaires",https://perfumdle.com/pins/dolce-gabbana-dolce.jpg,"Parfums femme : notes, avis et parfums similaires",,"Néroli, papaye et nénuphar blanc : un bouquet laiteux d’une douceur presque ingénue. Dolce (Dolce & Gabbana, 2014). Notes : néroli, papaye, amaryllis blanc, lys blanc, narcisse, nénuphar blanc. Pyramide olfactive complète, avis et parfums qui lui ressemblent.",https://perfumdle.com/fr/parfum/dolce-gabbana-dolce/,2026-11-02T08:00:00,"dolce & gabbana, parfum, notes de parfum, avis parfum, néroli, papaye, amaryllis blanc"
"Jicky de Guerlain : notes, avis et parfums similaires",https://perfumdle.com/pins/guerlain-jicky.jpg,"Parfums mixtes : notes, avis et parfums similaires",,"Lavande, vanille et une pointe animale : l’acte de naissance de la parfumerie moderne. Jicky (Guerlain, 1889). Notes : bergamote, lavande, citron, rose, jasmin, iris. Pyramide olfactive complète, avis et parfums qui lui ressemblent.",https://perfumdle.com/fr/parfum/guerlain-jicky/,2026-11-02T11:00:00,"guerlain, parfum, notes de parfum, avis parfum, bergamote, lavande, citron"
"Vol de Nuit de Guerlain : notes, avis et parfums similaires",https://perfumdle.com/pins/guerlain-vol-de-nuit.jpg,"Parfums femme : notes, avis et parfums similaires",,"Galbanum amer, iris poudré et vanille boisée : un vol nocturne au-dessus des nuages. Vol de Nuit (Guerlain, 1933). Notes : galbanum, bergamote, orange, jasmin, violette, iris. Pyramide olfactive complète, avis et parfums qui lui ressemblent.",https://perfumdle.com/fr/parfum/guerlain-vol-de-nuit/,2026-11-02T14:00:00,"guerlain, parfum, notes de parfum, avis parfum, galbanum, bergamote, orange"
"Tabac Blond de Caron : notes, avis et parfums similaires",https://perfumdle.com/pins/caron-tabac-blond.jpg,"Parfums femme : notes, avis et parfums similaires",,"Œillet poivré et cuir blond : le parfum des femmes qui fumaient au lendemain de la Grande Guerre. Tabac Blond (Caron, 1919). Notes : citron, bergamote, galbanum, œillet, ylang-ylang, iris. Pyramide olfactive complète, avis et parfums qui lui ressemblent.",https://perfumdle.com/fr/parfum/caron-tabac-blond/,2026-11-02T18:00:00,"caron, parfum, notes de parfum, avis parfum, citron, bergamote, galbanum"
"N°19 de Chanel : notes, avis et parfums similaires",https://perfumdle.com/pins/chanel-n-19.jpg,"Parfums femme : notes, avis et parfums similaires",,"Galbanum glacé et iris gris : le Chanel le plus vert, le plus insoumis. N°19 (Chanel, 1971). Notes : galbanum, néroli, bergamote, iris, jasmin, rose. Pyramide olfactive complète, avis et parfums qui lui ressemblent.",https://perfumdle.com/fr/parfum/chanel-n-19/,2026-11-02T21:00:00,"chanel, parfum, notes de parfum, avis parfum, galbanum, néroli, bergamote"
"Anaïs Anaïs de Cacharel : notes, avis et parfums similaires",https://perfumdle.com/pins/cacharel-anais-anais.jpg,"Parfums femme : notes, avis et parfums similaires",,"Jacinthe verte, lys blanc et mousse : le bouquet candide d’une jeunesse en robe fleurie. Anaïs Anaïs (Cacharel, 1978). Notes : jacinthe, galbanum, bergamote, lys, jasmin, rose. Pyramide olfactive complète, avis et parfums qui lui ressemblent.",https://perfumdle.com/fr/parfum/cacharel-anais-anais/,2026-11-03T08:00:00,"cacharel, parfum, notes de parfum, avis parfum, jacinthe, galbanum, bergamote"
"Polo Blue de Ralph Lauren : notes, avis et parfums similaires",https://perfumdle.com/pins/ralph-lauren-polo-blue.jpg,"Parfums homme : notes, avis et parfums similaires",,"Melon, concombre et basilic sur daim : la fraîcheur d’un pont de voilier au matin. Polo Blue (Ralph Lauren, 2003). Notes : melon, concombre, mandarine, basilic, sauge, géranium. Pyramide olfactive complète, avis et parfums qui lui ressemblent.",https://perfumdle.com/fr/parfum/ralph-lauren-polo-blue/,2026-11-03T11:00:00,"ralph lauren, parfum, notes de parfum, avis parfum, melon, concombre, mandarine"
"Pour Homme de Versace : notes, avis et parfums similaires",https://perfumdle.com/pins/versace-pour-homme.jpg,"Parfums homme : notes, avis et parfums similaires",,"Néroli, sauge et fève tonka : une fougère méditerranéenne propre et lumineuse. Pour Homme (Versace, 2008). Notes : citron, bergamote, néroli, sauge, cèdre, géranium. Pyramide olfactive complète, avis et parfums qui lui ressemblent.",https://perfumdle.com/fr/parfum/versace-pour-homme/,2026-11-03T14:00:00,"versace, parfum, notes de parfum, avis parfum, citron, bergamote, néroli"
"Eros de Versace : notes, avis et parfums similaires",https://perfumdle.com/pins/versace-eros.jpg,"Parfums homme : notes, avis et parfums similaires",,"Menthe glacée, pomme verte et vanille : un bonbon néon pour les nuits de club. Eros (Versace, 2012). Notes : menthe, pomme verte, citron, fève tonka, ambroxan, géranium. Pyramide olfactive complète, avis et parfums qui lui ressemblent.",https://perfumdle.com/fr/parfum/versace-eros/,2026-11-03T18:00:00,"versace, parfum, notes de parfum, avis parfum, menthe, pomme verte, citron"
"Bright Crystal de Versace : notes, avis et parfums similaires",https://perfumdle.com/pins/versace-bright-crystal.jpg,"Parfums femme : notes, avis et parfums similaires",,"Grenade givrée, pivoine et lotus : un floral fruité clair comme du verre. Bright Crystal (Versace, 2006). Notes : grenade, yuzu, accord givré, pivoine, magnolia, lotus. Pyramide olfactive complète, avis et parfums qui lui ressemblent.",https://perfumdle.com/fr/parfum/versace-bright-crystal/,2026-11-03T21:00:00,"versace, parfum, notes de parfum, avis parfum, grenade, yuzu, accord givré"
"Candy de Prada : notes, avis et parfums similaires",https://perfumdle.com/pins/prada-candy.jpg,"Parfums femme : notes, avis et parfums similaires",,"Un caramel ambré et un benjoin poudré : une friandise assumée, à la fois naïve et sophistiquée. Candy (Prada, 2011). Notes : caramel, musc, notes poudrées, benjoin, miel, vanille. Pyramide olfactive complète, avis et parfums qui lui ressemblent.",https://perfumdle.com/fr/parfum/prada-candy/,2026-11-04T08:00:00,"prada, parfum, notes de parfum, avis parfum, caramel, musc, notes poudrées"
"Dior Addict : notes, avis et parfums similaires",https://perfumdle.com/pins/dior-dior-addict.jpg,"Parfums femme : notes, avis et parfums similaires",,"Fleur de la reine de la nuit et vanille ambrée : un floral nocturne, capiteux et soyeux. Dior Addict (Dior, 2002). Notes : feuille de mandarinier, soie de mûrier, fleur d'oranger, rose, jasmin, fleur de la reine de la nuit. Pyramide olfactive complète, avis et parfums qui lui ressemblent.",https://perfumdle.com/fr/parfum/dior-dior-addict/,2026-11-04T11:00:00,"dior, parfum, notes de parfum, avis parfum, feuille de mandarinier, soie de mûrier, fleur d'oranger"
"Peony & Blush Suede de Jo Malone : notes, avis et parfums similaires",https://perfumdle.com/pins/jo-malone-peony-blush-suede.jpg,"Parfums mixtes : notes, avis et parfums similaires",,"Pivoine rosée et pomme rouge posées sur un daim tendre, comme un gant de velours. Peony & Blush Suede (Jo Malone, 2013). Notes : pomme rouge, pivoine, jasmin, rose, giroflée, miel. Pyramide olfactive complète, avis et parfums qui lui ressemblent.",https://perfumdle.com/fr/parfum/jo-malone-peony-blush-suede/,2026-11-04T14:00:00,"jo malone, parfum, notes de parfum, avis parfum, pomme rouge, pivoine, jasmin"
"English Pear & Freesia de Jo Malone : notes, avis et parfums similaires",https://perfumdle.com/pins/jo-malone-english-pear-freesia.jpg,"Parfums mixtes : notes, avis et parfums similaires",,"Une poire mûre croquée au jardin, au milieu du freesia et des fleurs blanches. English Pear & Freesia (Jo Malone, 2010). Notes : poire, melon, coing, freesia, rose, fleurs blanches. Pyramide olfactive complète, avis et parfums qui lui ressemblent.",https://perfumdle.com/fr/parfum/jo-malone-english-pear-freesia/,2026-11-04T18:00:00,"jo malone, parfum, notes de parfum, avis parfum, poire, melon, coing"
"Rouge de Hermès : notes, avis et parfums similaires",https://perfumdle.com/pins/hermes-rouge.jpg,"Parfums femme : notes, avis et parfums similaires",,"Safran, aldéhydes et rose poudrée : un rouge à lèvres ancien ouvert dans un boudoir. Rouge (Hermès, 2000). Notes : safran, aldéhydes, bergamote, rose, iris, jasmin. Pyramide olfactive complète, avis et parfums qui lui ressemblent.",https://perfumdle.com/fr/parfum/hermes-rouge/,2026-11-04T21:00:00,"hermès, parfum, notes de parfum, avis parfum, safran, aldéhydes, bergamote"
"Twilly d'Hermès : notes, avis et parfums similaires",https://perfumdle.com/pins/hermes-twilly-dhermes.jpg,"Parfums femme : notes, avis et parfums similaires",,"Gingembre piquant et tubéreuse espiègle, noués comme un carré de soie. Twilly d'Hermès (Hermès, 2017). Notes : gingembre, baies roses, bergamote, tubéreuse, jasmin, fleur d'oranger. Pyramide olfactive complète, avis et parfums qui lui ressemblent.",https://perfumdle.com/fr/parfum/hermes-twilly-dhermes/,2026-11-05T08:00:00,"hermès, parfum, notes de parfum, avis parfum, gingembre, baies roses, bergamote"
"Portrait of a Lady de Frédéric Malle : notes, avis et parfums similaires",https://perfumdle.com/pins/editions-de-parfums-frederic-malle-portrait-of-a-lady.jpg,"Parfums femme : notes, avis et parfums similaires",,"Une rose turque noyée de patchouli et d’encens, grandiose comme un portrait d’apparat. Portrait of a Lady (Frédéric Malle, 2010). Notes : rose, framboise, cassis, patchouli, encens, cannelle. Pyramide olfactive complète, avis et parfums qui lui ressemblent.",https://perfumdle.com/fr/parfum/editions-de-parfums-frederic-malle-portrait-of-a-lady/,2026-11-05T11:00:00,"frédéric malle, parfum, notes de parfum, avis parfum, rose, framboise, cassis"
"Not a Perfume de Juliette Has a Gun : notes, avis et parfums similaires",https://perfumdle.com/pins/juliette-has-a-gun-not-a-perfume.jpg,"Parfums mixtes : notes, avis et parfums similaires",,"Un seul souffle d’ambroxan : l’odeur de la peau, en un peu mieux. Not a Perfume (Juliette Has a Gun, 2010). Notes : ambroxan. Pyramide olfactive complète, avis et parfums qui lui ressemblent.",https://perfumdle.com/fr/parfum/juliette-has-a-gun-not-a-perfume/,2026-11-05T14:00:00,"juliette has a gun, parfum, notes de parfum, avis parfum, ambroxan"
"Bamboo de Gucci : notes, avis et parfums similaires",https://perfumdle.com/pins/gucci-bamboo.jpg,"Parfums femme : notes, avis et parfums similaires",,"Lys Casablanca, tubéreuse et santal crémeux : un bouquet blanc lumineux et poli. Bamboo (Gucci, 2015). Notes : bergamote, muguet, ylang-ylang, lys casablanca, tubéreuse, fleur d'oranger. Pyramide olfactive complète, avis et parfums qui lui ressemblent.",https://perfumdle.com/fr/parfum/gucci-bamboo/,2026-11-05T18:00:00,"gucci, parfum, notes de parfum, avis parfum, bergamote, muguet, ylang-ylang"
"Guilty de Gucci : notes, avis et parfums similaires",https://perfumdle.com/pins/gucci-guilty.jpg,"Parfums femme : notes, avis et parfums similaires",,"Lilas poudré et pêche sur fond de patchouli, avec une pointe de poivre rose. Guilty (Gucci, 2010). Notes : baies roses, mandarine, bergamote, pêche, lilas, géranium. Pyramide olfactive complète, avis et parfums qui lui ressemblent.",https://perfumdle.com/fr/parfum/gucci-guilty/,2026-11-05T21:00:00,"gucci, parfum, notes de parfum, avis parfum, baies roses, mandarine, bergamote"
"Ck Eternity for Men de Calvin Klein : notes, avis et parfums similaires",https://perfumdle.com/pins/calvin-klein-ck-eternity-for-men.jpg,"Parfums homme : notes, avis et parfums similaires",,"Lavande, basilic et bois de rose : la fougère propre et rassurante de la fin des années 1980. Ck Eternity for Men (Calvin Klein, 1989). Notes : lavande, mandarine, notes vertes, jasmin, sauge, basilic. Pyramide olfactive complète, avis et parfums qui lui ressemblent.",https://perfumdle.com/fr/parfum/calvin-klein-ck-eternity-for-men/,2026-11-06T08:00:00,"calvin klein, parfum, notes de parfum, avis parfum, lavande, mandarine, notes vertes"
"L'Instant de Guerlain : notes, avis et parfums similaires",https://perfumdle.com/pins/guerlain-linstant-de-guerlain.jpg,"Parfums femme : notes, avis et parfums similaires",,"Magnolia, anis étoilé et ambre miellé : un oriental lumineux, suspendu comme un instant doré. L'Instant de Guerlain (Guerlain, 2003). Notes : bergamote, anis étoilé, fleur d'oranger, magnolia, jasmin, ylang-ylang. Pyramide olfactive complète, avis et parfums qui lui ressemblent.",https://perfumdle.com/fr/parfum/guerlain-linstant-de-guerlain/,2026-11-06T11:00:00,"guerlain, parfum, notes de parfum, avis parfum, bergamote, anis étoilé, fleur d'oranger"
"Neroli Portofino de Tom Ford : notes, avis et parfums similaires",https://perfumdle.com/pins/tom-ford-neroli-portofino.jpg,"Parfums mixtes : notes, avis et parfums similaires",,"Néroli, bergamote et air marin : une cologne de luxe pensée pour la Riviera italienne. Neroli Portofino (Tom Ford, 2011). Notes : bergamote, mandarine, citron, néroli, fleur d'oranger, ambre. Pyramide olfactive complète, avis et parfums qui lui ressemblent.",https://perfumdle.com/fr/parfum/tom-ford-neroli-portofino/,2026-11-06T14:00:00,"tom ford, parfum, notes de parfum, avis parfum, bergamote, mandarine, citron"
"Another 13 de Le Labo : notes, avis et parfums similaires",https://perfumdle.com/pins/le-labo-another-13.jpg,"Parfums mixtes : notes, avis et parfums similaires",,"Ambroxan, musc et poire à peine esquissée : l’odeur d’une peau propre, magnifiée. Another 13 (Le Labo, 2010). Notes : ambroxan, jasmin, mousse, musc, ambrette, poire. Pyramide olfactive complète, avis et parfums qui lui ressemblent.",https://perfumdle.com/fr/parfum/le-labo-another-13/,2026-11-06T18:00:00,"le labo, parfum, notes de parfum, avis parfum, ambroxan, jasmin, mousse"
"Rose 31 de Le Labo : notes, avis et parfums similaires",https://perfumdle.com/pins/le-labo-rose-31.jpg,"Parfums mixtes : notes, avis et parfums similaires",,"Une rose de Grasse frottée de cumin et de bois fumés, loin de tout romantisme. Rose 31 (Le Labo, 2006). Notes : rose, cumin, poivre, cèdre, bois de gaïac, ciste. Pyramide olfactive complète, avis et parfums qui lui ressemblent.",https://perfumdle.com/fr/parfum/le-labo-rose-31/,2026-11-06T21:00:00,"le labo, parfum, notes de parfum, avis parfum, rose, cumin, poivre"
"Noir de Noir de Tom Ford : notes, avis et parfums similaires",https://perfumdle.com/pins/tom-ford-noir-de-noir.jpg,"Parfums mixtes : notes, avis et parfums similaires",,"Rose noire, truffe et oud : une rose de velours sombre, terreuse et chocolatée. Noir de Noir (Tom Ford, 2007). Notes : safran, rose noire, mandarine, truffe noire, vanille, oud. Pyramide olfactive complète, avis et parfums qui lui ressemblent.",https://perfumdle.com/fr/parfum/tom-ford-noir-de-noir/,2026-11-07T08:00:00,"tom ford, parfum, notes de parfum, avis parfum, safran, rose noire, mandarine"
"Ultra Male de Jean Paul Gaultier : notes, avis et parfums similaires",https://perfumdle.com/pins/jean-paul-gaultier-ultra-male.jpg,"Parfums homme : notes, avis et parfums similaires",,"Poire confite, lavande noire et vanille : Le Male monté sur ressorts. Ultra Male (Jean Paul Gaultier, 2015). Notes : poire, bergamote, lavande noire, cannelle, sauge, cumin. Pyramide olfactive complète, avis et parfums qui lui ressemblent.",https://perfumdle.com/fr/parfum/jean-paul-gaultier-ultra-male/,2026-11-07T11:00:00,"jean paul gaultier, parfum, notes de parfum, avis parfum, poire, bergamote, lavande noire"
"Replica Jazz Club de Maison Margiela : notes, avis et parfums similaires",https://perfumdle.com/pins/maison-margiela-replica-jazz-club.jpg,"Parfums homme : notes, avis et parfums similaires",,"Rhum, tabac et vanille : l’ambiance feutrée d’un club de jazz, verre à la main. Replica Jazz Club (Maison Margiela, 2013). Notes : baies roses, néroli, citron, rhum, sauge sclarée, vétiver de java. Pyramide olfactive complète, avis et parfums qui lui ressemblent.",https://perfumdle.com/fr/parfum/maison-margiela-replica-jazz-club/,2026-11-07T14:00:00,"maison margiela, parfum, notes de parfum, avis parfum, baies roses, néroli, citron"
"Cloud de Ariana Grande : notes, avis et parfums similaires",https://perfumdle.com/pins/ariana-grande-cloud.jpg,"Parfums femme : notes, avis et parfums similaires",,"Praliné, noix de coco et musc blanc : un nuage de sucre fouetté qui ne redescend jamais. Cloud (Ariana Grande, 2018). Notes : fleur de lavande, poire juteuse, bergamote, noix de coco, praline, orchidée vanille. Pyramide olfactive complète, avis et parfums qui lui ressemblent.",https://perfumdle.com/fr/parfum/ariana-grande-cloud/,2026-11-07T18:00:00,"ariana grande, parfum, notes de parfum, avis parfum, fleur de lavande, poire juteuse, bergamote"
"Fahrenheit Le Parfum de Dior : notes, avis et parfums similaires",https://perfumdle.com/pins/dior-fahrenheit-le-parfum.jpg,"Parfums homme : notes, avis et parfums similaires",,"Violette, cuir et benjoin : Fahrenheit réinventé en version veloutée et nocturne. Fahrenheit Le Parfum (Dior, 2014). Notes : aubépine, lavande, bergamote, violette, cuir, élémi. Pyramide olfactive complète, avis et parfums qui lui ressemblent.",https://perfumdle.com/fr/parfum/dior-fahrenheit-le-parfum/,2026-11-07T21:00:00,"dior, parfum, notes de parfum, avis parfum, aubépine, lavande, bergamote"
"D&G Light Blue pour Homme de Dolce & Gabbana : notes, avis et parfums similaires",https://perfumdle.com/pins/dolce-gabbana-d-g-light-blue-pour-homme.jpg,"Parfums homme : notes, avis et parfums similaires",,"Pamplemousse glacé, genièvre et sel : l’été sicilien en format de poche. D&G Light Blue pour Homme (Dolce & Gabbana, 2007). Notes : pamplemousse, bergamote, mandarine, genièvre, romarin, bois de rose. Pyramide olfactive complète, avis et parfums qui lui ressemblent.",https://perfumdle.com/fr/parfum/dolce-gabbana-d-g-light-blue-pour-homme/,2026-11-08T08:00:00,"dolce & gabbana, parfum, notes de parfum, avis parfum, pamplemousse, bergamote, mandarine"
"Nuit d'Issey de Issey Miyake : notes, avis et parfums similaires",https://perfumdle.com/pins/issey-miyake-nuit-dissey.jpg,"Parfums homme : notes, avis et parfums similaires",,"Pamplemousse, cuir et encens : la version nocturne et fumée du style Issey Miyake. Nuit d'Issey (Issey Miyake, 2014). Notes : bergamote, pamplemousse, baies roses, cuir, poivre, encens. Pyramide olfactive complète, avis et parfums qui lui ressemblent.",https://perfumdle.com/fr/parfum/issey-miyake-nuit-dissey/,2026-11-08T11:00:00,"issey miyake, parfum, notes de parfum, avis parfum, bergamote, pamplemousse, baies roses"
"Jazz de Yves Saint Laurent : notes, avis et parfums similaires",https://perfumdle.com/pins/yves-saint-laurent-jazz.jpg,"Parfums homme : notes, avis et parfums similaires",,"Armoise, œillet et mousse de chêne : une fougère élégante au rythme des années 1980. Jazz (Yves Saint Laurent, 1988). Notes : armoise, bergamote, néroli, œillet, rose, géranium. Pyramide olfactive complète, avis et parfums qui lui ressemblent.",https://perfumdle.com/fr/parfum/yves-saint-laurent-jazz/,2026-11-08T14:00:00,"yves saint laurent, parfum, notes de parfum, avis parfum, armoise, bergamote, néroli"
"Replica By the Fireplace de Maison Margiela : notes, avis et parfums similaires",https://perfumdle.com/pins/maison-margiela-replica-by-the-fireplace.jpg,"Parfums mixtes : notes, avis et parfums similaires",,"Des marrons qui grillent au coin du feu, dans un chalet enneigé des années 1970. Replica By the Fireplace (Maison Margiela, 2015). Notes : huile de girofle, baies roses, orange, châtaigne, bois de gaïac, cashmeran. Pyramide olfactive complète, avis et parfums qui lui ressemblent.",https://perfumdle.com/fr/parfum/maison-margiela-replica-by-the-fireplace/,2026-11-08T18:00:00,"maison margiela, parfum, notes de parfum, avis parfum, huile de girofle, baies roses, orange"
"Noir Extrême de Tom Ford : notes, avis et parfums similaires",https://perfumdle.com/pins/tom-ford-noir-extreme.jpg,"Parfums homme : notes, avis et parfums similaires",,"Kulfi, safran et rose : un dessert indien servi dans un fumoir en bois de santal. Noir Extrême (Tom Ford, 2015). Notes : mandarine, néroli, safran, kulfi, absolue de rose, jasmin. Pyramide olfactive complète, avis et parfums qui lui ressemblent.",https://perfumdle.com/fr/parfum/tom-ford-noir-extreme/,2026-11-08T21:00:00,"tom ford, parfum, notes de parfum, avis parfum, mandarine, néroli, safran"
"Colonia de Acqua di Parma : notes, avis et parfums similaires",https://perfumdle.com/pins/acqua-di-parma-colonia.jpg,"Parfums mixtes : notes, avis et parfums similaires",,"Citron, lavande et verveine : la cologne italienne dans sa forme la plus pure. Colonia (Acqua di Parma, 1916). Notes : citron, bergamote, orange, lavande, romarin, verveine. Pyramide olfactive complète, avis et parfums qui lui ressemblent.",https://perfumdle.com/fr/parfum/acqua-di-parma-colonia/,2026-11-09T08:00:00,"acqua di parma, parfum, notes de parfum, avis parfum, citron, bergamote, orange"
"Phantom de Paco Rabanne : notes, avis et parfums similaires",https://perfumdle.com/pins/paco-rabanne-phantom.jpg,"Parfums homme : notes, avis et parfums similaires",,"Une lavande vanillée, fumée et fruitée, dans un flacon-robot qui assume son futurisme. Phantom (Paco Rabanne, 2021). Notes : citron, lavande, baies roses, pomme, fumée, patchouli. Pyramide olfactive complète, avis et parfums qui lui ressemblent.",https://perfumdle.com/fr/parfum/paco-rabanne-phantom/,2026-11-09T11:00:00,"paco rabanne, parfum, notes de parfum, avis parfum, citron, lavande, baies roses"
"Mojave Ghost de Byredo : notes, avis et parfums similaires",https://perfumdle.com/pins/byredo-mojave-ghost.jpg,"Parfums mixtes : notes, avis et parfums similaires",,"Une fleur fantôme du désert, entre fruit sec, magnolia et bois blonds. Mojave Ghost (Byredo, 2014). Notes : sapotille, ambrette, sapotille de jamaïque, violette, santal, magnolia. Pyramide olfactive complète, avis et parfums qui lui ressemblent.",https://perfumdle.com/fr/parfum/byredo-mojave-ghost/,2026-11-09T14:00:00,"byredo, parfum, notes de parfum, avis parfum, sapotille, ambrette, sapotille de jamaïque"
"Shagya de Parfums de Marly : notes, avis et parfums similaires",https://perfumdle.com/pins/parfums-de-marly-shagya.jpg,"Parfums homme : notes, avis et parfums similaires",,"Citron vert, oud et vétiver : un boisé sec et lumineux, plus nerveux que sombre. Shagya (Parfums de Marly, 2009). Notes : citron vert, bergamote, baies roses, oud, cèdre, géranium. Pyramide olfactive complète, avis et parfums qui lui ressemblent.",https://perfumdle.com/fr/parfum/parfums-de-marly-shagya/,2026-11-09T18:00:00,"parfums de marly, parfum, notes de parfum, avis parfum, citron vert, bergamote, baies roses"
"Darley de Parfums de Marly : notes, avis et parfums similaires",https://perfumdle.com/pins/parfums-de-marly-darley.jpg,"Parfums homme : notes, avis et parfums similaires",,"Menthe, lavande et cannelle sur lit de tonka : une fougère ambrée à l’allure aristocratique. Darley (Parfums de Marly, 2009). Notes : menthe, bergamote, citron d'amalfi, lavande, cannelle, fleur d'oranger. Pyramide olfactive complète, avis et parfums qui lui ressemblent.",https://perfumdle.com/fr/parfum/parfums-de-marly-darley/,2026-11-09T21:00:00,"parfums de marly, parfum, notes de parfum, avis parfum, menthe, bergamote, citron d'amalfi"
"Godolphin de Parfums de Marly : notes, avis et parfums similaires",https://perfumdle.com/pins/parfums-de-marly-godolphin.jpg,"Parfums homme : notes, avis et parfums similaires",,"Safran, thym et cuir sur rose et iris : une écurie royale en habit de gala. Godolphin (Parfums de Marly, 2010). Notes : notes fruitées, safran, thym, cyprès, rose, iris. Pyramide olfactive complète, avis et parfums qui lui ressemblent.",https://perfumdle.com/fr/parfum/parfums-de-marly-godolphin/,2026-11-10T08:00:00,"parfums de marly, parfum, notes de parfum, avis parfum, notes fruitées, safran, thym"
"Pegasus de Parfums de Marly : notes, avis et parfums similaires",https://perfumdle.com/pins/parfums-de-marly-pegasus.jpg,"Parfums homme : notes, avis et parfums similaires",,"Amande, héliotrope et vanille : une fougère crémeuse, poudrée et étonnamment gourmande. Pegasus (Parfums de Marly, 2011). Notes : héliotrope, cumin, bergamote, baies roses, amande, lavande. Pyramide olfactive complète, avis et parfums qui lui ressemblent.",https://perfumdle.com/fr/parfum/parfums-de-marly-pegasus/,2026-11-10T11:00:00,"parfums de marly, parfum, notes de parfum, avis parfum, héliotrope, cumin, bergamote"
"Herod de Parfums de Marly : notes, avis et parfums similaires",https://perfumdle.com/pins/parfums-de-marly-herod.jpg,"Parfums homme : notes, avis et parfums similaires",,"Feuille de tabac, cannelle et encens : une pipe éteinte dans un salon boisé, adoucie de vanille. Herod (Parfums de Marly, 2012). Notes : cannelle, bois de poivre, tabac, encens, osmanthus, labdanum. Pyramide olfactive complète, avis et parfums qui lui ressemblent.",https://perfumdle.com/fr/parfum/parfums-de-marly-herod/,2026-11-10T14:00:00,"parfums de marly, parfum, notes de parfum, avis parfum, cannelle, bois de poivre, tabac"
"Hamdani de Parfums de Marly : notes, avis et parfums similaires",https://perfumdle.com/pins/parfums-de-marly-hamdani.jpg,"Parfums mixtes : notes, avis et parfums similaires",,"Encens, myrrhe et miel sur un fond de cuir et de tabac : un temple résineux et chaleureux. Hamdani (Parfums de Marly, 2013). Notes : encens, myrrhe, bois de gaïac, miel, clous de girofle, cuir. Pyramide olfactive complète, avis et parfums qui lui ressemblent.",https://perfumdle.com/fr/parfum/parfums-de-marly-hamdani/,2026-11-10T18:00:00,"parfums de marly, parfum, notes de parfum, avis parfum, encens, myrrhe, bois de gaïac"
"Meliora de Parfums de Marly : notes, avis et parfums similaires",https://perfumdle.com/pins/parfums-de-marly-meliora.jpg,"Parfums femme : notes, avis et parfums similaires",,"Cassis, framboise et rose sur un musc amandé : un sorbet de baies servi dans un jardin anglais. Meliora (Parfums de Marly, 2017). Notes : cassis, fruits rouges, framboise, fleur d'oranger, rose, muguet. Pyramide olfactive complète, avis et parfums qui lui ressemblent.",https://perfumdle.com/fr/parfum/parfums-de-marly-meliora/,2026-11-10T21:00:00,"parfums de marly, parfum, notes de parfum, avis parfum, cassis, fruits rouges, framboise"
"Safanad de Parfums de Marly : notes, avis et parfums similaires",https://perfumdle.com/pins/parfums-de-marly-safanad.jpg,"Parfums femme : notes, avis et parfums similaires",,"Fleur d’oranger, ylang-ylang et poire sur une vanille crémeuse, tout en rondeur. Safanad (Parfums de Marly, 2013). Notes : poire, orange, fleur d'oranger, ylang-ylang, iris, vanille. Pyramide olfactive complète, avis et parfums qui lui ressemblent.",https://perfumdle.com/fr/parfum/parfums-de-marly-safanad/,2026-11-11T08:00:00,"parfums de marly, parfum, notes de parfum, avis parfum, poire, orange, fleur d'oranger"
"Darcy de Parfums de Marly : notes, avis et parfums similaires",https://perfumdle.com/pins/parfums-de-marly-darcy.jpg,"Parfums femme : notes, avis et parfums similaires",,"Une rose et un jasmin inondés d’agrumes, lumineux comme un jardin à midi. Darcy (Parfums de Marly, 2014). Notes : orange, citron, bergamote, rose, jasmin, patchouli. Pyramide olfactive complète, avis et parfums qui lui ressemblent.",https://perfumdle.com/fr/parfum/parfums-de-marly-darcy/,2026-11-11T11:00:00,"parfums de marly, parfum, notes de parfum, avis parfum, orange, citron, bergamote"
"Byerley de Parfums de Marly : notes, avis et parfums similaires",https://perfumdle.com/pins/parfums-de-marly-byerley.jpg,"Parfums homme : notes, avis et parfums similaires",,"Cardamome, gaïac et cèdre : un boisé épicé sobre, sec et d’une grande netteté. Byerley (Parfums de Marly, 2014). Notes : cardamome, bergamote, bois de gaïac, cèdre, vétiver, résine. Pyramide olfactive complète, avis et parfums qui lui ressemblent.",https://perfumdle.com/fr/parfum/parfums-de-marly-byerley/,2026-11-11T14:00:00,"parfums de marly, parfum, notes de parfum, avis parfum, cardamome, bergamote, bois de gaïac"
"Carlisle de Parfums de Marly : notes, avis et parfums similaires",https://perfumdle.com/pins/parfums-de-marly-carlisle.jpg,"Parfums mixtes : notes, avis et parfums similaires",,"Pomme verte, davana et tonka : un fruité ambré, riche comme une liqueur. Carlisle (Parfums de Marly, 2015). Notes : noix de muscade, pomme verte, safran, fève tonka, rose, osmanthus. Pyramide olfactive complète, avis et parfums qui lui ressemblent.",https://perfumdle.com/fr/parfum/parfums-de-marly-carlisle/,2026-11-11T18:00:00,"parfums de marly, parfum, notes de parfum, avis parfum, noix de muscade, pomme verte, safran"
"Layton de Parfums de Marly : notes, avis et parfums similaires",https://perfumdle.com/pins/parfums-de-marly-layton.jpg,"Parfums mixtes : notes, avis et parfums similaires",,"Pomme, lavande et vanille poivrée : une fougère crémeuse qui fait tourner les têtes. Layton (Parfums de Marly, 2016). Notes : pomme, lavande, bergamote, mandarine, géranium, violette. Pyramide olfactive complète, avis et parfums qui lui ressemblent.",https://perfumdle.com/fr/parfum/parfums-de-marly-layton/,2026-11-11T21:00:00,"parfums de marly, parfum, notes de parfum, avis parfum, pomme, lavande, bergamote"
"Athalia de Parfums de Marly : notes, avis et parfums similaires",https://perfumdle.com/pins/parfums-de-marly-athalia.jpg,"Parfums femme : notes, avis et parfums similaires",,"Iris, fleur d’oranger et encens léger : un floral musqué poudré, comme une étoffe de soie. Athalia (Parfums de Marly, 2016). Notes : encens, orange amère, iris, fleur d'oranger, cashmeran, musc. Pyramide olfactive complète, avis et parfums qui lui ressemblent.",https://perfumdle.com/fr/parfum/parfums-de-marly-athalia/,2026-11-12T08:00:00,"parfums de marly, parfum, notes de parfum, avis parfum, encens, orange amère, iris"
"Delina de Parfums de Marly : notes, avis et parfums similaires",https://perfumdle.com/pins/parfums-de-marly-delina.jpg,"Parfums femme : notes, avis et parfums similaires",,"Litchi, rhubarbe et rose turque : une rose rose bonbon, acidulée et parfaitement maîtrisée. Delina (Parfums de Marly, 2017). Notes : litchi, rhubarbe, bergamote, noix de muscade, rose, pivoine. Pyramide olfactive complète, avis et parfums qui lui ressemblent.",https://perfumdle.com/fr/parfum/parfums-de-marly-delina/,2026-11-12T11:00:00,"parfums de marly, parfum, notes de parfum, avis parfum, litchi, rhubarbe, bergamote"
"Layton Exclusif de Parfums de Marly : notes, avis et parfums similaires",https://perfumdle.com/pins/parfums-de-marly-layton-exclusif.jpg,"Parfums mixtes : notes, avis et parfums similaires",,"Pomme, lavande et oud sur un fond de café vanillé, le Layton en version nuit. Layton Exclusif (Parfums de Marly, 2017). Notes : amande, mandarine, bergamote, pomme, géranium, rose. Pyramide olfactive complète, avis et parfums qui lui ressemblent.",https://perfumdle.com/fr/parfum/parfums-de-marly-layton-exclusif/,2026-11-12T14:00:00,"parfums de marly, parfum, notes de parfum, avis parfum, amande, mandarine, bergamote"
"Delina Exclusif de Parfums de Marly : notes, avis et parfums similaires",https://perfumdle.com/pins/parfums-de-marly-delina-exclusif.jpg,"Parfums femme : notes, avis et parfums similaires",,"La rose litchi de Delina plongée dans l’oud et l’encens : une version pourpre et fastueuse. Delina Exclusif (Parfums de Marly, 2018). Notes : litchi, poire, bergamote, baies roses, rose, oud. Pyramide olfactive complète, avis et parfums qui lui ressemblent.",https://perfumdle.com/fr/parfum/parfums-de-marly-delina-exclusif/,2026-11-12T18:00:00,"parfums de marly, parfum, notes de parfum, avis parfum, litchi, poire, bergamote"
"Percival de Parfums de Marly : notes, avis et parfums similaires",https://perfumdle.com/pins/parfums-de-marly-percival.jpg,"Parfums mixtes : notes, avis et parfums similaires",,"Lavande, épices douces et ambroxan : la fraîcheur propre d’un gentleman moderne. Percival (Parfums de Marly, 2018). Notes : lavande, mandarine, bergamote, géranium, baies roses, violette. Pyramide olfactive complète, avis et parfums qui lui ressemblent.",https://perfumdle.com/fr/parfum/parfums-de-marly-percival/,2026-11-12T21:00:00,"parfums de marly, parfum, notes de parfum, avis parfum, lavande, mandarine, bergamote"
"Cassili de Parfums de Marly : notes, avis et parfums similaires",https://perfumdle.com/pins/parfums-de-marly-cassili.jpg,"Parfums femme : notes, avis et parfums similaires",,"Prune, frangipanier et vanille : un floral fruité solaire, crémeux et gourmand. Cassili (Parfums de Marly, 2019). Notes : groseille, rose, prune, frangipanier, mimosa, vanille. Pyramide olfactive complète, avis et parfums qui lui ressemblent.",https://perfumdle.com/fr/parfum/parfums-de-marly-cassili/,2026-11-13T08:00:00,"parfums de marly, parfum, notes de parfum, avis parfum, groseille, rose, prune"
"Sedley de Parfums de Marly : notes, avis et parfums similaires",https://perfumdle.com/pins/parfums-de-marly-sedley.jpg,"Parfums mixtes : notes, avis et parfums similaires",,"Menthe fraîche, pamplemousse et lavande : la fraîcheur d’une chemise blanche repassée au soleil. Sedley (Parfums de Marly, 2019). Notes : citron, menthe, bergamote, pamplemousse, lavande, romarin. Pyramide olfactive complète, avis et parfums qui lui ressemblent.",https://perfumdle.com/fr/parfum/parfums-de-marly-sedley/,2026-11-13T11:00:00,"parfums de marly, parfum, notes de parfum, avis parfum, citron, menthe, bergamote"
"Kalan de Parfums de Marly : notes, avis et parfums similaires",https://perfumdle.com/pins/parfums-de-marly-kalan.jpg,"Parfums mixtes : notes, avis et parfums similaires",,"Orange sanguine poivrée et lavande sur un bois ambré : une chaleur lumineuse. Kalan (Parfums de Marly, 2019). Notes : orange sanguine, poivre, épices, lavande, fleur d'oranger, santal. Pyramide olfactive complète, avis et parfums qui lui ressemblent.",https://perfumdle.com/fr/parfum/parfums-de-marly-kalan/,2026-11-13T14:00:00,"parfums de marly, parfum, notes de parfum, avis parfum, orange sanguine, poivre, épices"
"Greenley de Parfums de Marly : notes, avis et parfums similaires",https://perfumdle.com/pins/parfums-de-marly-greenley.jpg,"Parfums mixtes : notes, avis et parfums similaires",,"Pomme verte et bergamote sur mousse et cèdre : un verger frais au petit matin. Greenley (Parfums de Marly, 2020). Notes : pomme verte, bergamote, mandarine, cèdre, cashmeran, violette. Pyramide olfactive complète, avis et parfums qui lui ressemblent.",https://perfumdle.com/fr/parfum/parfums-de-marly-greenley/,2026-11-13T18:00:00,"parfums de marly, parfum, notes de parfum, avis parfum, pomme verte, bergamote, mandarine"
"Pegasus Exclusif de Parfums de Marly : notes, avis et parfums similaires",https://perfumdle.com/pins/parfums-de-marly-pegasus-exclusif.jpg,"Parfums homme : notes, avis et parfums similaires",,"Amande, héliotrope et vanille, épaissis d’oud et de gaïac dans une concentration parfum. Pegasus Exclusif (Parfums de Marly, 2020). Notes : cardamome, héliotrope, baies roses, bergamote, amande, lavande. Pyramide olfactive complète, avis et parfums qui lui ressemblent.",https://perfumdle.com/fr/parfum/parfums-de-marly-pegasus-exclusif/,2026-11-13T21:00:00,"parfums de marly, parfum, notes de parfum, avis parfum, cardamome, héliotrope, baies roses"
"Delina La Rosée de Parfums de Marly : notes, avis et parfums similaires",https://perfumdle.com/pins/parfums-de-marly-delina-la-rosee.jpg,"Parfums femme : notes, avis et parfums similaires",,"Litchi, pivoine et rose mouillée : la version rosée et aquatique de Delina. Delina La Rosée (Parfums de Marly, 2021). Notes : litchi, poire, bergamote, baies roses, rose, pivoine. Pyramide olfactive complète, avis et parfums qui lui ressemblent.",https://perfumdle.com/fr/parfum/parfums-de-marly-delina-la-rosee/,2026-11-14T08:00:00,"parfums de marly, parfum, notes de parfum, avis parfum, litchi, poire, bergamote"
"Haltane de Parfums de Marly : notes, avis et parfums similaires",https://perfumdle.com/pins/parfums-de-marly-haltane.jpg,"Parfums homme : notes, avis et parfums similaires",,"Lavande, safran et praliné sur bois d’oud : une fougère qui devient gourmande au crépuscule. Haltane (Parfums de Marly, 2021). Notes : lavande, sauge sclarée, bergamote, safran, praline, oud. Pyramide olfactive complète, avis et parfums qui lui ressemblent.",https://perfumdle.com/fr/parfum/parfums-de-marly-haltane/,2026-11-14T11:00:00,"parfums de marly, parfum, notes de parfum, avis parfum, lavande, sauge sclarée, bergamote"
"Oriana de Parfums de Marly : notes, avis et parfums similaires",https://perfumdle.com/pins/parfums-de-marly-oriana.jpg,"Parfums femme : notes, avis et parfums similaires",,"Framboise, cassis et chantilly sur une guimauve musquée : une gourmandise rose. Oriana (Parfums de Marly, 2021). Notes : mandarine, bergamote, pamplemousse, fleur d'oranger, cassis, framboise. Pyramide olfactive complète, avis et parfums qui lui ressemblent.",https://perfumdle.com/fr/parfum/parfums-de-marly-oriana/,2026-11-14T14:00:00,"parfums de marly, parfum, notes de parfum, avis parfum, mandarine, bergamote, pamplemousse"
"Althair de Parfums de Marly : notes, avis et parfums similaires",https://perfumdle.com/pins/parfums-de-marly-althair.jpg,"Parfums homme : notes, avis et parfums similaires",,"Vanille, praliné et cannelle sur bois de gaïac : une douceur ambrée et épicée. Althair (Parfums de Marly, 2023). Notes : cannelle, fleur d'oranger, cardamome, bergamote, vanille, élémi. Pyramide olfactive complète, avis et parfums qui lui ressemblent.",https://perfumdle.com/fr/parfum/parfums-de-marly-althair/,2026-11-14T18:00:00,"parfums de marly, parfum, notes de parfum, avis parfum, cannelle, fleur d'oranger, cardamome"
"Valaya de Parfums de Marly : notes, avis et parfums similaires",https://perfumdle.com/pins/parfums-de-marly-valaya.jpg,"Parfums femme : notes, avis et parfums similaires",,"Pêche blanche et aldéhydes scintillants, comme une robe de soie claire au soleil. Valaya (Parfums de Marly, 2023). Notes : aldéhydes, pêche blanche, bergamote, mandarine, fleur d'oranger, muguet. Pyramide olfactive complète, avis et parfums qui lui ressemblent.",https://perfumdle.com/fr/parfum/parfums-de-marly-valaya/,2026-11-14T21:00:00,"parfums de marly, parfum, notes de parfum, avis parfum, aldéhydes, pêche blanche, bergamote"
"Perseus de Parfums de Marly : notes, avis et parfums similaires",https://perfumdle.com/pins/parfums-de-marly-perseus.jpg,"Parfums homme : notes, avis et parfums similaires",,"Pamplemousse, cassis et vétiver : un boisé aromatique vif, vert et ensoleillé. Perseus (Parfums de Marly, 2024). Notes : pamplemousse, bergamote, cassis, vétiver, mandarine verte, géranium. Pyramide olfactive complète, avis et parfums qui lui ressemblent.",https://perfumdle.com/fr/parfum/parfums-de-marly-perseus/,2026-11-15T08:00:00,"parfums de marly, parfum, notes de parfum, avis parfum, pamplemousse, bergamote, cassis"
"Palatine de Parfums de Marly : notes, avis et parfums similaires",https://perfumdle.com/pins/parfums-de-marly-palatine.jpg,"Parfums femme : notes, avis et parfums similaires",,"Poire, pêche et violette sur musc blanc : un floral velouté comme une peau de fruit. Palatine (Parfums de Marly, 2024). Notes : poire, bergamote, mandarine, pêche, violette, lavande. Pyramide olfactive complète, avis et parfums qui lui ressemblent.",https://perfumdle.com/fr/parfum/parfums-de-marly-palatine/,2026-11-15T11:00:00,"parfums de marly, parfum, notes de parfum, avis parfum, poire, bergamote, mandarine"
"Oud for Greatness de Initio Parfums Privés : notes, avis et parfums similaires",https://perfumdle.com/pins/initio-parfums-prives-oud-for-greatness.jpg,"Parfums mixtes : notes, avis et parfums similaires",,"Safran, muscade et oud : un boisé fumé, cuiré et d’une puissance sans complexe. Oud for Greatness (Initio Parfums Privés, 2018). Notes : safran, noix de muscade, lavande, oud, patchouli, musc. Pyramide olfactive complète, avis et parfums qui lui ressemblent.",https://perfumdle.com/fr/parfum/initio-parfums-prives-oud-for-greatness/,2026-11-15T14:00:00,"initio parfums privés, parfum, notes de parfum, avis parfum, safran, noix de muscade, lavande"
"Side Effect de Initio Parfums Privés : notes, avis et parfums similaires",https://perfumdle.com/pins/initio-parfums-prives-side-effect.jpg,"Parfums mixtes : notes, avis et parfums similaires",,"Rhum, cannelle et tabac vanillé : un verre ambré bu au coin du feu, jusqu’à l’ivresse. Side Effect (Initio Parfums Privés, 2016). Notes : cannelle, rhum, safran, tabac, hedione, santal. Pyramide olfactive complète, avis et parfums qui lui ressemblent.",https://perfumdle.com/fr/parfum/initio-parfums-prives-side-effect/,2026-11-15T18:00:00,"initio parfums privés, parfum, notes de parfum, avis parfum, cannelle, rhum, safran"
"Rehab de Initio Parfums Privés : notes, avis et parfums similaires",https://perfumdle.com/pins/initio-parfums-prives-rehab.jpg,"Parfums mixtes : notes, avis et parfums similaires",,"Lavande et bois musqués : un réconfort propre, doux et tenace. Rehab (Initio Parfums Privés, 2018). Notes : lavande, bergamote, cèdre, vétiver, patchouli, santal. Pyramide olfactive complète, avis et parfums qui lui ressemblent.",https://perfumdle.com/fr/parfum/initio-parfums-prives-rehab/,2026-11-15T21:00:00,"initio parfums privés, parfum, notes de parfum, avis parfum, lavande, bergamote, cèdre"
"Musk Therapy de Initio Parfums Privés : notes, avis et parfums similaires",https://perfumdle.com/pins/initio-parfums-prives-musk-therapy.jpg,"Parfums mixtes : notes, avis et parfums similaires",,"Un musc soyeux, fleuri de magnolia et piqué de cassis, qui caresse la peau. Musk Therapy (Initio Parfums Privés, 2021). Notes : bergamote, mandarine, magnolia blanc, cassis, santal, musc. Pyramide olfactive complète, avis et parfums qui lui ressemblent.",https://perfumdle.com/fr/parfum/initio-parfums-prives-musk-therapy/,2026-11-16T08:00:00,"initio parfums privés, parfum, notes de parfum, avis parfum, bergamote, mandarine, magnolia blanc"
"Interlude Man de Amouage : notes, avis et parfums similaires",https://perfumdle.com/pins/amouage-interlude-man.jpg,"Parfums homme : notes, avis et parfums similaires",,"Origan, encens et oud fumé : un chaos résineux d’une densité rare. Interlude Man (Amouage, 2012). Notes : origan, poivre, bergamote, encens, opoponax, ambre. Pyramide olfactive complète, avis et parfums qui lui ressemblent.",https://perfumdle.com/fr/parfum/amouage-interlude-man/,2026-11-16T11:00:00,"amouage, parfum, notes de parfum, avis parfum, origan, poivre, bergamote"
"Reflection Man de Amouage : notes, avis et parfums similaires",https://perfumdle.com/pins/amouage-reflection-man.jpg,"Parfums homme : notes, avis et parfums similaires",,"Néroli, jasmin et iris sur bois de santal : un floral masculin d’une propreté lumineuse. Reflection Man (Amouage, 2007). Notes : romarin, baies roses, petitgrain, jasmin, néroli, racine d'iris. Pyramide olfactive complète, avis et parfums qui lui ressemblent.",https://perfumdle.com/fr/parfum/amouage-reflection-man/,2026-11-16T14:00:00,"amouage, parfum, notes de parfum, avis parfum, romarin, baies roses, petitgrain"
"Jubilation XXV Man de Amouage : notes, avis et parfums similaires",https://perfumdle.com/pins/amouage-jubilation-xxv-man.jpg,"Parfums homme : notes, avis et parfums similaires",,"Mûre, encens et myrrhe : un oriental fumé, somptueux comme un palais omanais. Jubilation XXV Man (Amouage, 2007). Notes : mûre, encens, labdanum, orange, estragon, miel. Pyramide olfactive complète, avis et parfums qui lui ressemblent.",https://perfumdle.com/fr/parfum/amouage-jubilation-xxv-man/,2026-11-16T18:00:00,"amouage, parfum, notes de parfum, avis parfum, mûre, encens, labdanum"
"Epic Man de Amouage : notes, avis et parfums similaires",https://perfumdle.com/pins/amouage-epic-man.jpg,"Parfums homme : notes, avis et parfums similaires",,"Encens, épices et oud : une caravane sur la route de la soie, entre fumée et cuir. Epic Man (Amouage, 2009). Notes : baies roses, encens, safran, noix de muscade, cardamome, myrrhe. Pyramide olfactive complète, avis et parfums qui lui ressemblent.",https://perfumdle.com/fr/parfum/amouage-epic-man/,2026-11-16T21:00:00,"amouage, parfum, notes de parfum, avis parfum, baies roses, encens, safran"
